Year,Day of Year,Station Number,Air Temp - Max,Air Temp - Min,Air Temp - Mean,RH - Max,RH - Min,RH - Mean,VPD - Mean,Solar Rad. - Total,Precipitation - Total,"4"" Soil Temp - Max","4"" Soil Temp - Min","4"" Soil Temp - Mean","20"" Soil Temp - Max","20"" Soil Temp - Min","20"" Soil Temp - Mean",Wind Speed - Mean,Wind Vector Magnitude,Wind Vector Direction,Wind Direction Std Dev,Max Wind Speed,Heat Units,Reference ET (Original AZMET),Reference ET (Penman-Monteith),Actual Vapor Pressure - Daily Mean,Dewpoint - Daily Mean
2010,1,6,19.8,.1,9.3,60.7,10.9,31.4,.94,12.77,0,12.5,6.4,9.1,11.7,11.3,11.5,1.3,.8,344,50,5.2,1.9,2.8,2.1,.33,-8.4
2010,2,6,21.5,1.9,10.6,59.8,12.6,31.9,1.01,13.04,0,13.7,7.3,10.1,11.7,11.5,11.6,1,.5,195,57,4,2.6,2.6,1.8,.37,-6.8
2010,3,6,21,-.8,9.4,69.3,13.3,36.6,.92,12.93,0,13.1,6.6,9.6,11.9,11.5,11.7,1,.1,218,77,3.8,2.3,2.6,1.9,.38,-6.3
2010,4,6,22.4,-.2,10.4,67.8,12.7,35.3,1.01,12.83,0,13.2,6.6,9.7,11.8,11.5,11.7,1.2,.5,13,62,5.2,2.8,2.8,2.1,.39,-6.1
2010,5,6,22.5,.2,10.5,67,14.9,38.5,.96,13.08,0,13.7,7.1,10.1,11.9,11.6,11.8,1.2,.3,49,70,4.8,2.9,2.7,2.1,.44,-4.4
2010,6,6,19.4,-.6,9,74.2,21,43.4,.76,10.75,0,12.5,7,9.7,12,11.7,11.8,1.2,.6,183,56,3.7,1.7,1.9,1.8,.47,-3.6
2010,7,6,20,.1,9.2,77.3,18.6,45.3,.78,11.64,0,13.5,7.5,10,11.9,11.6,11.8,1.1,.1,176,77,4,1.9,2.2,1.8,.49,-3.1
2010,8,6,20,0,9.8,76.3,18.5,42.5,.84,12.51,0,13.4,7.1,10,12,11.7,11.8,1.7,1.2,72,44,6.1,1.9,2.8,2.3,.47,-3.6
2010,9,6,20.3,.5,10.3,66.8,13.8,34.5,.94,13.49,0,13.5,7.5,10.2,12,11.8,11.9,1.6,1,35,47,6.7,2.1,2.9,2.4,.39,-6
2010,10,6,19,.4,8.9,76.3,14.1,39.5,.83,10.19,0,12.5,7.2,9.7,12,11.7,11.9,1.2,.2,346,76,5.2,1.5,2,1.9,.4,-5.6
2010,11,6,21.4,-.6,9.2,69.2,11.7,36,.93,13.49,0,13.1,6.6,9.6,11.9,11.6,11.8,1.4,.2,47,75,5.2,2.4,2.9,2.3,.37,-6.8
2010,12,6,23.6,-.6,11.3,60.7,10.6,33.3,1.12,13,0,13.8,6.6,10,11.9,11.5,11.7,1.2,.4,86,68,5.4,3.3,3,2.3,.39,-6.2
2010,13,6,22.5,5.5,12.8,79.3,12,36.7,1.05,10.06,2.03,14.2,9.2,11.2,12.1,11.8,11.9,1.5,.9,236,53,10.6,3.3,2.3,2.5,.51,-3
2010,14,6,19.8,5.1,12.5,87.3,27.6,56.7,.71,13.49,0,14.1,9.2,11.6,12.4,12.1,12.3,1.9,1.2,319,50,5.5,2.2,2.7,2.3,.78,3.4
2010,15,6,22.4,3.6,12.6,71.6,17.5,43.1,.97,14.22,0,14.8,8.2,11.1,12.5,12.2,12.4,1.5,.7,7,59,6.1,3.1,3.1,2.4,.58,-.8
2010,16,6,21.3,3.4,10.9,79.1,19.2,49.1,.78,9.57,0,13.9,9,11.1,12.6,12.4,12.5,1.1,.3,105,70,3.8,2.7,1.7,1.9,.6,-.3
2010,17,6,19.8,2.8,10.7,82.4,19,45.1,.81,9.6,0,13.7,8.8,11.1,12.6,12.3,12.5,1.1,.3,333,71,3.1,2.1,1.7,1.8,.53,-1.9
2010,18,6,14.3,7.7,11.1,90.1,30.3,69.4,.4,3.66,1.27,11.9,10.3,11,12.6,12.4,12.5,1.9,.5,67,71,7.6,.3,.5,1.3,.93,5.4
2010,19,6,18.9,7,13.4,97.4,46.4,75.2,.43,10.01,23.37,14,10,12,12.6,12.4,12.5,3.4,2.6,172,40,15.2,2,2,2,1.13,8.7
2010,20,6,18,7.2,12.7,92.8,30.3,69.6,.49,14.56,0,14.7,10.7,12.4,12.9,12.6,12.8,2.4,1.7,166,46,6.8,1.6,2.6,2.1,1,6.8
2010,21,6,16.7,9.8,14,96,64.8,80.6,.32,3.01,24.89,13.1,11.5,12.3,13,12.9,12.9,8.3,7.4,177,26,19.5,1.4,1,1.6,1.29,10.7
2010,22,6,15.1,7.5,10.3,95.5,40.7,80.4,.27,9.36,4.83,13.5,10.7,11.8,13,12.9,13,4.2,3.1,194,41,11.4,.6,1.8,1.9,.99,6.8
2010,23,6,13.1,5.2,8.9,95,44.7,74,.32,14.4,.25,12.3,8.4,10.2,12.9,12.5,12.7,2.3,1.9,247,34,7.6,0,2.2,1.7,.83,4.2
2010,24,6,13.9,.4,7.2,97.7,41,75.7,.3,15.29,0,12.4,6.2,9.1,12.5,11.9,12.2,1.1,.3,196,71,4.7,.1,2.1,1.4,.75,2.7
2010,25,6,15.3,0,7.6,99.1,31.9,74.9,.35,15.19,0,12.5,6.1,9,12,11.6,11.8,1.1,.2,335,72,3.9,.4,2.2,1.5,.74,2.6
2010,26,6,17.8,2.8,9.6,97.6,37.5,75.9,.37,13.28,0,13.3,7.2,9.9,11.8,11.6,11.7,1,0,168,79,3.7,1.3,1.8,1.6,.87,4.9
2010,27,6,16.6,6.9,11.2,95.1,58.7,83.7,.25,5.92,.76,12.6,9.2,10.7,12,11.8,11.9,1.2,.5,336,62,4.4,1.1,.5,1.2,1.1,8.4
2010,28,6,16.3,9.2,12.2,97.2,60.2,83.9,.25,7.84,9.65,14,10.7,12,12.4,12,12.2,2.1,1.7,180,36,5.5,1.1,.9,1.4,1.18,9.4
2010,29,6,18.1,8,12.7,98.7,47.8,80,.34,15.23,0,16.3,10.4,13,12.9,12.4,12.6,.8,.3,96,67,4,1.8,2.3,1.7,1.15,9
2010,30,6,18.3,6,11.4,96.8,36.4,74.4,.42,13.38,0,14.3,9.8,11.8,13.1,12.8,13,1.8,1.2,38,45,5.4,1.7,2.2,2,.97,6.5
2010,31,6,20.2,4,11.5,98.2,35.6,75.2,.45,15.72,0,15.7,8.6,11.8,13,12.7,12.9,.8,.2,194,72,3.2,2.3,2.4,1.8,.98,6.6
2010,32,6,19,3.6,11.4,98.7,41.8,75.6,.41,12.53,0,15,9.2,11.9,13.1,12.8,12.9,1,.3,30,69,3.3,1.7,1.8,1.6,.99,6.7
2010,33,6,22,5.4,13,98.3,32.1,70.9,.56,14.66,0,16,9.7,12.6,13.2,12.9,13,.8,.2,352,69,3.7,3.2,2.4,1.9,1,7
2010,34,6,21,8.9,14.2,88.8,32.2,64.6,.65,12.32,0,16.4,11.1,13.4,13.6,13.2,13.4,1.4,.8,175,53,6.1,3.1,2.1,2.1,1.01,7
2010,35,6,19.5,8,12.9,93.3,38.2,70.5,.51,14.95,0,16.7,10.9,13.6,13.8,13.6,13.7,1.7,1.1,149,50,4.8,2.4,2.5,2.3,1.01,7.1
2010,36,6,20,5.4,12.4,96.9,38,71,.52,13.82,0,16.6,10.4,13.4,14,13.7,13.9,.9,.1,19,78,3.8,2.2,2.1,1.8,.98,6.7
2010,37,6,20.2,5.2,13.5,96.5,28,65.7,.65,14,0,16.9,11,13.9,14.1,13.9,14,1.3,.3,126,69,5.2,2.3,2.6,2.1,.95,6.2
2010,38,6,16.5,8.5,12.1,98.1,29.2,65.6,.52,15.99,2.54,15.4,12.1,13.6,14.3,14.1,14.2,2.8,1.8,255,48,11.1,1.2,3.2,2.6,.9,5.1
2010,39,6,16.9,4,10,92.1,32.4,66.5,.49,17.22,0,16.6,9.5,12.7,14.3,13.8,14,1.1,.6,169,54,3.5,1,2.7,2,.78,3.4
2010,40,6,18.8,1.6,9.7,97.5,26.8,67.2,.51,17.01,0,16.6,9.1,12.5,14.1,13.6,13.9,1,.1,83,77,4.4,1.6,2.7,2.1,.75,2.9
2010,41,6,13.8,6.9,9.9,94.7,57.6,76.1,.3,7.13,.51,13.5,10.8,11.9,13.9,13.7,13.8,1.8,1.1,157,50,7.4,.2,.8,1.4,.93,5.8
2010,42,6,18.5,4,10.1,98,44.7,77.5,.35,16.94,0,15.9,8.9,12.1,13.7,13.3,13.5,1.7,1,190,52,6.1,1.6,2.6,2.3,.93,5.9
2010,43,6,19.1,3.2,11.4,97.3,35.3,70.3,.5,17.22,0,17.1,9.5,13,13.7,13.4,13.5,1.1,.4,173,67,4,1.8,2.8,2.1,.9,5.5
2010,44,6,21.8,3.8,12.5,95.3,24.2,63.4,.68,17.5,0,17.6,10.1,13.6,13.9,13.6,13.8,1.4,.4,224,69,4.6,2.9,3.3,2.6,.86,4.7
2010,45,6,23.8,3.6,13.2,93.9,17,56,.9,17.89,0,18.1,10.3,14,14.2,13.9,14,1.3,.5,309,65,5.2,3.7,3.7,2.8,.75,2.6
2010,46,6,23.5,4.5,13.8,86.1,16.8,50.3,1,18.22,0,18.7,10.7,14.4,14.4,14.1,14.2,1.1,.2,70,71,5,3.7,3.7,2.7,.69,1.7
2010,47,6,24.5,3.4,13.9,86.2,14.8,49.6,1.03,18.33,0,18.7,10.8,14.5,14.7,14.3,14.5,1.1,.4,24,65,4.9,3.9,3.8,2.8,.69,1.6
2010,48,6,24.8,4.2,14.2,82.5,17.6,47.9,1.07,18.49,0,17.5,10.4,13.7,14.8,14.4,14.6,1.1,.2,64,72,4.7,4.1,3.8,2.9,.69,1.6
2010,49,6,23.5,5.2,14.6,79.2,16.4,45,1.07,18.3,0,17.2,10.1,13.3,14.6,14.3,14.5,1.6,.7,207,61,5,3.8,3.9,3.2,.68,1.4
2010,50,6,25,6,15.8,77.5,14.1,38.8,1.27,17.51,0,16.7,10.2,13.2,14.5,14.1,14.3,3.2,2.5,183,36,8.7,4.5,4.9,4.7,.63,.3
2010,51,6,16.4,8.5,11.9,96.8,27.6,68.6,.45,9.39,1.52,14.7,11.3,12.7,14.4,14.2,14.3,2.5,1.8,183,45,7.2,1.1,1.5,2.2,.95,5.9
2010,52,6,17.5,8.8,12.7,92.5,46.6,75,.41,12.56,1.02,15.5,11.3,13.2,14.2,14.1,14.2,2.7,1.5,200,54,7.9,1.6,2.2,2.3,1.08,8.1
2010,53,6,16.4,4.3,10.8,92.6,42.9,73.7,.37,12.67,1.78,13.7,10.4,12.3,14.2,14,14.1,3.9,2.6,259,48,15.7,.9,2.5,2.3,.95,6
2010,54,6,16,-1,7.8,96.7,19.2,56.8,.58,19.9,0,14.7,7.1,10.7,14.1,13.3,13.6,1.5,1,15,49,7.2,.6,3.5,2.6,.53,-2.1
2010,55,6,20,4.2,11.7,90.1,14.7,50.3,.82,17.67,0,16.9,9,12.4,13.5,13.2,13.3,1,.3,118,69,5.8,2.2,3.3,2.6,.63,.2
2010,56,6,21.4,4.9,13.6,87.2,20.2,48,.95,19.44,0,18,10.8,14.1,14,13.5,13.7,1.9,1.1,268,52,7.4,2.8,4.4,3.4,.67,1.2
2010,57,6,20.9,2.8,12.7,86.3,17.2,47,.92,16.4,0,17.6,10.5,14,14.3,14,14.1,1.4,.7,30,58,5.2,2.4,3.2,2.8,.62,.1
2010,58,6,22.1,5.3,13.5,86.1,17.4,47.8,.95,11.97,0,16.3,11.4,13.6,14.4,14.1,14.3,2.8,2.2,176,38,15.2,3.2,3.2,3.7,.68,1.3
2010,59,6,15.5,8.4,10.8,96.4,61.5,85.1,.2,4.54,6.86,14.3,11.6,12.7,14.4,14.1,14.3,2.6,1.6,223,49,10.6,.7,.3,1.4,1.09,8.3
2010,60,6,19.1,4.4,11.8,99.9,44.1,80.7,.35,18.07,0,17.2,9.6,13.2,14.1,13.7,13.9,.7,.2,133,68,5.3,1.9,2.7,2.2,1.09,8.1
2010,61,6,23,5.2,14,99.2,28.1,70.6,.65,17.87,0,18.1,10.6,14.1,14.2,13.9,14.1,1.3,.6,159,62,5.2,3.5,3.4,2.8,1.04,7.5
2010,62,6,22.6,4.7,14.4,96,28,62.3,.78,20.61,0,19.9,11.1,15.2,14.7,14.2,14.4,1.2,.3,127,69,4.5,3.3,3.9,3,.95,6.1
2010,63,6,21.5,8.1,14.3,85.2,29.7,54.7,.84,20.67,0,19.2,12.1,15.4,15.1,14.7,14.9,3.2,1.7,244,55,9.7,3.2,4.8,4.1,.84,4.4
2010,64,6,21.6,3.4,12.6,84.3,19.9,48.4,.88,21.26,0,20.1,11.1,15.4,15.2,14.9,15.1,.9,.1,149,76,4.1,2.8,4,3,.65,.8
2010,65,6,25.8,5.3,15.1,86.1,20.6,55.3,.98,17.61,0,20,12.4,16,15.4,15.1,15.2,2.3,1.7,190,40,9.6,4.8,4.1,4,.88,5
2010,66,6,16.9,8,12,93.4,51,77.6,.33,6.11,5.33,16.6,12.6,14.5,15.7,15.4,15.5,3.3,1.8,184,54,10.4,1.2,.9,1.9,1.09,8.1
2010,67,6,14.3,7.7,10.2,96.2,65.1,85.7,.19,7.71,4.32,14.9,11.5,12.9,15.4,14.7,14.9,1.3,.5,166,63,3.8,.3,.6,1.4,1.06,7.8
2010,68,6,15.8,6.7,10.7,98.7,25.3,65.6,.49,16.52,0,13.6,10.6,12.1,14.7,14.2,14.4,3.9,2.6,230,46,12.8,.8,3.5,3.1,.81,3.3
2010,69,6,16.7,3.2,10.2,84.4,23.6,52.4,.67,21.14,0,16.2,8.5,12.1,14.3,13.6,13.9,2.6,1.7,235,49,9.6,.9,4.3,3.4,.62,.1
2010,70,6,16.9,3.7,10.5,85,23.7,54.1,.66,22.31,0,17.9,9.5,13.4,14.1,13.8,13.9,1.5,.6,298,63,5.9,1,4,3,.65,.7
2010,71,6,21.3,2,11.3,91.3,20.5,58.6,.73,22.41,0,19.5,9.7,14.2,14.4,14,14.2,1,.2,268,75,4.6,2.5,4.1,3.1,.71,2
2010,72,6,23,2.3,13.5,94.6,22.3,54.8,.91,22.11,0,20.2,10.9,15.3,14.8,14.4,14.6,1.8,1,215,55,6.3,3.2,4.6,3.7,.76,3
2010,73,6,18.7,6.7,13.2,61.7,15.4,36.1,1.03,22.97,0,19.5,12.2,15.6,15.2,14.8,15,2.6,1.9,280,43,8.3,1.8,5.3,4.2,.52,-2.6
2010,74,6,23.7,1.7,13.3,91.5,14.9,47.1,1.05,23.16,0,20.1,11.4,15.5,15.4,15,15.2,1.7,.8,27,59,7.8,3.5,5.1,4,.62,0
2010,75,6,25.4,5.7,16.1,79.3,15.1,43.6,1.25,23.26,0,20.9,12.4,16.4,15.7,15.3,15.4,2.4,2,52,34,8.8,4.6,5.8,4.8,.71,2.1
2010,76,6,28.5,5.9,17.8,78,14,42.1,1.47,23.58,0,21.1,13,17.2,16.2,15.6,15.8,2.3,1.6,60,45,9.5,6.2,6.3,5.3,.75,2.9
2010,77,6,28.1,6.1,17.5,82,13,40.5,1.5,23.05,0,20,13,16.5,16.5,16.1,16.3,1.9,.8,253,60,8.1,6,5.8,4.8,.69,1.6
2010,78,6,24.7,10.1,17.9,65.8,16.4,33.9,1.43,19.49,0,18.6,12.1,15.2,16.4,15.8,16.1,2.9,1.3,223,61,7.6,5.1,5.3,5,.68,1.2
2010,79,6,22.1,7.7,15.5,58.5,9.7,23.9,1.43,23.57,0,20.5,11.5,15.7,16,15.6,15.9,1.9,1.3,24,47,7.1,3.5,5.7,4.5,.39,-6.2
2010,80,6,25.1,3.1,14.4,75.3,8.2,35,1.34,22.59,0,21.4,11.5,16.3,16.1,15.7,15.9,1.1,.2,142,75,4.7,4.2,4.9,3.8,.47,-3.9
2010,81,6,28.1,4.5,16.7,77.5,7.6,36.1,1.5,23.12,0,23,12.9,17.7,16.5,16,16.2,1.2,.2,238,73,5.9,5.7,5.3,4.3,.58,-.9
2010,82,6,18.9,11.2,15.1,94.4,32.5,66.4,.61,12.27,6.1,19,15.4,17.2,16.8,16.5,16.7,1.9,.8,140,61,7,2.6,2.2,2.6,1.12,8.4
2010,83,6,22.4,5.8,14.1,99.3,13.6,62.7,.81,23,0,20.7,12.4,16.4,16.8,16.2,16.5,1.2,.3,317,71,4.6,3.3,4.5,3.5,.89,4.8
2010,84,6,26.7,5.1,15.6,93.6,13.7,51.9,1.14,23.93,0,22.6,12.3,17.2,16.6,16.2,16.4,1.1,.4,199,67,4,5.2,5,4.1,.79,3.5
2010,85,6,23.1,9,16.5,63.5,13.7,30,1.42,23.94,0,21.1,13.8,17.3,16.9,16.6,16.7,3.6,2.9,262,37,12.3,4.1,6.9,5.8,.52,-2.3
2010,86,6,23.8,5.6,14.9,67.3,8.2,31.5,1.36,24.8,0,21.2,13,16.9,17,16.5,16.8,2.7,1.6,354,51,9.2,3.9,6.6,5.4,.45,-4.6
2010,87,6,26.5,5.3,16.5,65.2,8.9,27,1.62,25.31,0,21.9,12.7,17.1,16.9,16.5,16.7,2.8,2.2,28,36,9.1,5.1,7,6,.43,-4.8
2010,88,6,28.6,4.3,17.4,70.3,9.9,32.4,1.67,22.97,0,23,13.4,18.1,17,16.7,16.8,1.4,.4,46,67,5.8,5.9,5.6,4.7,.54,-1.8
2010,89,6,31.8,5.9,19.9,71.8,8.8,29.8,2.06,25.37,0,25.1,14.3,19.5,17.5,17,17.2,1.5,.4,240,69,6.2,7.3,6.5,5.4,.54,-1.9
2010,90,6,28.6,12.7,20.6,34,12.6,22.2,2.02,22.58,0,21.9,16.7,19.2,18.1,17.5,17.8,4.7,3.9,200,33,12.6,7.9,8.2,7.9,.52,-2.3
2010,91,6,19.3,10.6,14.8,47,11.8,25,1.3,24.1,0,17.5,12.6,15.1,18.1,17.2,17.7,3.4,3.2,257,23,11.9,2.6,6.3,5.5,.41,-5.7
2010,92,6,21.6,5,14.1,66.8,13.3,35.3,1.16,25.04,0,19.3,10.1,14.5,17.2,16.1,16.5,1.9,1,186,54,6.1,2.9,5.5,4.4,.52,-2.4
2010,93,6,26.6,5,16.6,72.6,12.7,32.5,1.51,25.53,0,22.6,11.8,16.9,16.6,16.1,16.3,1.3,.3,188,70,5.4,5.1,5.9,4.6,.53,-2.1
2010,94,6,29.3,7,19,69.6,10.5,31.8,1.75,25.63,0,24.7,14,19,17.3,16.6,16.9,1.4,.8,192,54,5.3,6.6,6.2,5,.62,0
2010,95,6,27.4,10.2,19,55,12.4,31.8,1.65,25.66,0,24.2,15.4,19.7,17.9,17.3,17.6,3.1,2.3,243,41,9.9,6.5,7.3,6.4,.65,.7
2010,96,6,25,9.3,17.4,73.2,6.4,30.6,1.53,26.5,0,24.1,16,19.7,18.2,17.9,18,2.8,2.2,294,39,9.6,5.1,7,6,.53,-4
2010,97,6,24.3,8.2,16.8,63.5,7.9,17.9,1.66,27.16,0,23.6,15.2,19.1,18.3,17.9,18.1,3,2.3,348,40,9.3,4.6,7.3,6.4,.32,-8.9
2010,98,6,29.3,3.5,17.7,71.4,7.6,26.2,1.86,27.1,0,25.2,14.3,19.5,18.3,17.9,18.1,1.5,.4,190,68,6.3,6.1,6.6,5.3,.42,-5.2
2010,99,6,30.4,6.7,20,53.3,7,21.4,2.12,27.2,0,26.4,15.8,20.9,18.7,18.2,18.4,1.7,.8,194,61,5.8,7,7,5.9,.43,-5
2010,100,6,31.5,8.2,21.2,59.2,6.6,19.4,2.31,26.59,0,26.3,16.7,21.3,19.1,18.7,18.8,2.5,1.8,170,43,10.2,7.8,7.8,6.8,.43,-5
2010,101,6,31.9,9.7,21.9,48,7.2,20.2,2.34,27.16,0,26.8,17.2,21.9,19.4,19,19.2,2.6,2,176,37,9.3,8.2,8,7.1,.48,-3.3
2010,102,6,28.8,8.5,20,56,8.3,25.6,1.88,27.09,0,25.8,17.6,21.7,19.6,19.3,19.5,3.7,2.4,233,48,11.1,6.7,8.3,7.4,.56,-1.6
2010,103,6,24.1,12,17.7,44.7,17.5,30.6,1.47,26.71,0,26.6,18.2,22,19.8,19.5,19.6,2.2,1.2,276,56,6.5,5.4,6.4,5.5,.6,-.4
2010,104,6,27.4,6.9,18.1,62.4,10.6,27,1.74,26.6,0,26.8,17,21.7,20,19.5,19.8,1.5,.5,238,65,6.4,5.7,6.4,5.2,.49,-3
2010,105,6,31.9,7.7,20.7,66.9,8.8,26.9,2.12,27.23,0,28.1,17.4,22.5,20.1,19.7,19.9,1.2,.2,53,76,4.6,7.8,6.6,5.3,.55,-1.5
2010,106,6,29.8,13.7,21.3,63.3,11.5,27,2.04,18.45,0,25.7,19.2,22.4,20.4,20.1,20.3,1.6,.7,220,60,5.6,8.9,4.9,5,.62,.1
2010,107,6,32.2,7.1,20.8,80.8,9.4,33.1,2.03,25.91,0,27.8,17.7,22.5,20.5,20,20.3,1.5,.2,209,74,4.8,7.7,6.5,5.7,.67,1.1
2010,108,6,34.1,14.9,24.4,42.8,8.8,21.1,2.69,26.34,0,29.2,19.5,24,21,20.4,20.6,2,1.5,182,41,6.1,10.9,7.6,6.8,.57,-.9
2010,109,6,29.9,15.7,22.6,54.5,16.3,28.1,2.1,19.45,0,27.5,20.7,23.8,21.2,20.9,21.1,1.9,1.4,173,43,7.2,10,5.3,5.4,.75,2.7
2010,110,6,31.3,11.7,23.2,71,21,36,2.01,24.86,0,29.4,19.9,24.4,21.5,21.1,21.2,1.9,1.4,184,42,6.4,8.7,6.5,5.8,.97,6.5
2010,111,6,21,9.3,17.5,59.5,13.8,34,1.33,22.06,0,24.5,20.1,22.7,21.7,21.5,21.6,4.5,3.1,242,44,12,3.2,6.6,5.5,.69,.6
2010,112,6,18.9,5.5,12.8,83.1,20,45.1,.87,19.69,0,23.2,16.9,19.8,21.5,20.5,20.9,2.7,1.6,206,51,9.4,1.9,4.4,4.1,.64,.4
2010,113,6,21.7,7.1,14.9,89.2,21.5,52.5,.95,25.55,0,24,16.3,20,20.6,19.9,20.2,2.5,1.8,239,44,8.2,3.2,5.7,4.7,.8,3.5
2010,114,6,27.1,9.1,18.1,80.1,16.4,42.6,1.41,27.92,0,26.7,16.9,21.5,20.3,19.8,20,2.1,1.1,224,56,7.7,6,6.6,5.7,.8,3.6
2010,115,6,31.7,11.8,21.6,61.5,8.5,29.4,2.13,28.55,0,29,18.2,23.3,20.9,20.2,20.4,1.6,.7,212,60,6.7,8.9,7.3,6.2,.64,.4
2010,116,6,33.4,12.3,23.1,50.1,8.6,23.9,2.47,27.91,0,29.9,19.5,24.5,21.5,20.8,21.1,1.6,.4,213,70,6.2,9.6,7.4,6.3,.59,-.6
2010,117,6,34.8,15.3,25.5,47.9,7.2,18.8,2.92,26.98,0,30.5,20.7,25.3,22.1,21.5,21.7,2.7,1.6,232,51,9.1,11.3,8.4,7.9,.54,-1.9
2010,118,6,33.2,15,24.6,42.7,10.6,21.6,2.61,27.87,0,29.8,21.4,25.6,22.5,22.1,22.3,3.5,2.6,228,41,12.1,10.8,9.2,8.6,.63,.2
2010,119,6,23.9,11,17.4,39.8,13.6,24.2,1.53,26.7,0,25.8,20.9,23.3,22.7,22.3,22.5,4.6,4.1,237,34,11.8,4.9,8,7.3,.47,-3.8
2010,120,6,22.1,5.3,15.3,63.8,9.2,23.5,1.45,29.44,0,26.7,17.8,22,22.3,21.5,21.9,2.5,1.8,278,43,8.1,3.2,7.2,5.7,.36,-7.3
2010,121,6,25.9,8.2,18.6,45,11,19.5,1.86,28.9,0,27,17.9,22.4,21.8,21.2,21.5,3,2.4,254,37,11.3,5.3,8.1,6.8,.39,-6.2
2010,122,6,26.8,10.9,19.3,52.3,5.2,22.2,1.87,27.45,0,25.7,19.2,22.4,21.7,21.4,21.5,4.9,3.2,273,48,17.4,6.4,9.4,8.3,.45,-4.9
2010,123,6,28.1,6.4,18.7,56.1,7.2,22.1,1.92,29.79,0,28.6,17.5,22.8,21.6,21.1,21.4,1.4,.2,64,74,6.1,6,7.2,5.6,.41,-5.4
2010,124,6,33.1,7.1,21.2,60.4,6.8,24,2.33,29.91,0,30.2,18.7,24.2,22,21.4,21.6,1.1,.2,198,74,4.6,8,7.4,5.9,.48,-3.5
2010,125,6,36.6,9.6,24.6,53.7,3.9,19.2,2.98,30.21,0,31,20.3,25.6,22.6,22,22.2,2.6,1.4,229,54,9.9,9.3,9.3,8.6,.47,-4
2010,126,6,34.4,14.7,25.7,36.2,8.4,16.1,3,30.01,0,31.1,21.7,26.4,23.2,22.6,22.8,3.3,1.9,236,54,10.2,10.9,9.9,9,.49,-3.1
2010,127,6,34.8,14.9,25.2,42.3,8.5,20.5,2.85,29.45,0,31.7,22,26.4,23.9,23.1,23.4,1.6,.3,198,72,6,11.1,8,6.8,.58,-.7
2010,128,6,36,16.6,27,43.5,7.9,18.8,3.16,28.15,0,27,19.9,23.5,24,23.4,23.7,2.1,1.3,174,49,5.8,12,8.1,7.5,.61,-.1
2010,129,6,34.4,15.6,25.9,41.2,5.3,15.5,3.05,27.8,0,26.4,18.3,22.2,23.5,22.6,23,3.9,2.7,238,45,10.6,11.3,9.7,9.5,.45,-4.8
2010,130,6,28,12,20.8,43.2,9.9,19.6,2.08,30.08,0,29,18.9,23.7,22.9,22.5,22.7,2.4,1.5,242,50,11.1,7.3,8,6.9,.45,-4.3
2010,131,6,25.4,11.5,18.8,60.4,8,21.4,1.81,30.14,0,26.8,18.8,22.4,23.1,22.6,22.9,3.5,2.5,256,43,11.2,5.9,8.7,7.4,.44,-5.1
2010,132,6,27.2,7.8,18.5,49.5,10.4,23.2,1.84,30.11,0,22.3,15.2,18.9,22.9,21.6,22.2,2.1,1.4,232,47,7.6,5.9,7.7,6.4,.45,-4.4
2010,133,6,30,9.6,21.2,63.9,8.7,24,2.19,26.84,0,25.1,15.4,20.2,21.6,20.9,21.2,1.4,.4,351,69,6.1,7.6,6.7,5.6,.51,-2.7
2010,134,6,32.2,14.4,24,49.6,7.4,18.9,2.66,29.36,0,29.4,18.2,23.5,21.9,21.2,21.4,2,1,209,59,6.3,10.2,8.2,7.1,.5,-2.9
2010,135,6,33.4,16.1,25,36.1,6.4,17.6,2.83,29.98,0,31.2,20.6,25.7,22.8,21.9,22.3,1.7,.4,168,70,6.1,11.3,8.1,6.9,.51,-2.7
2010,136,6,35.2,14.9,26,44.9,6.9,17,3.06,30.21,0,32.1,21.3,26.5,23.5,22.8,23.1,2.1,1.4,183,46,7.1,11.2,8.7,7.7,.51,-2.5
2010,137,6,34.6,13.9,25.2,44.3,5.8,17.9,2.91,25.65,0,30.1,22.2,26.3,23.9,23.5,23.7,2.9,2.4,193,33,10.4,10.6,8.5,8.3,.51,-2.7
2010,138,6,30.8,15,23.8,52.2,12.6,24.3,2.37,28.8,0,30,22.1,25.9,24,23.6,23.9,3.1,2.3,248,42,10.8,10,8.8,7.8,.67,1.2
2010,139,6,33.3,13.8,24.7,54.5,9.7,24.2,2.6,30.27,0,32.1,22,26.9,24.2,23.8,24,1.8,.8,250,60,6.3,10.2,8.1,6.9,.67,1.2
2010,140,6,36.2,15.5,26.6,51,7.2,21,3.08,30.42,0,33.2,22.9,27.9,24.7,24.2,24.4,1.8,.8,191,62,7.2,11.6,8.6,7.5,.64,.6
2010,141,6,37.5,17.3,28.1,51.2,7,19,3.41,30.36,0,33.7,24.1,28.8,25.2,24.7,24.9,2.9,2.2,206,40,11.4,12.6,9.8,9.2,.64,.4
2010,142,6,32.6,13.9,25.1,58,10.1,20.1,2.76,30.53,0,31.9,24.1,28,25.5,25.1,25.3,3.4,2.3,246,46,9.9,10.1,9.9,8.7,.58,-.9
2010,143,6,25.1,13.7,19.4,44.5,10.2,19.6,1.87,30.07,0,28.9,23,25.8,25.5,24.9,25.2,4.2,3.6,262,31,13.5,6.7,9.4,8.1,.42,-5.2
2010,144,6,26.3,7.2,17.9,50.8,8.8,22.5,1.76,31.08,0,29.4,20,24.6,25,24.1,24.5,1.8,.6,306,66,6.3,5.3,7.4,6.1,.41,-5.6
2010,145,6,30.1,10.3,21.1,53.7,8.2,18.4,2.27,31.05,0,29.2,20.5,24.5,24.4,23.9,24.1,1.6,.7,153,62,5.4,7.9,7.8,6.4,.41,-5.5
2010,146,6,34.1,13.2,24.1,37,7.4,17.8,2.77,31.06,0,26.5,18,22.2,24.2,23.4,23.8,1.6,.7,192,63,5.5,10.1,8.3,7,.47,-3.5
2010,147,6,36.2,16.2,26.6,46.8,8.8,21,3.04,30.97,0,29.6,18.3,23.7,23.5,22.9,23.2,1.9,.8,221,61,6.4,11.9,8.7,7.7,.66,.9
2010,148,6,36,17,27,45.7,11.1,23.5,2.99,30.66,0,31.9,21.4,26.5,24.1,23.3,23.6,2.8,1.9,237,46,9.3,12.2,9.4,8.7,.77,3
2010,149,6,33.9,14.5,25.5,40.2,7.8,16.7,2.94,31.17,0,32.3,22.4,27.3,24.7,24.1,24.4,2,.8,251,61,7.6,10.6,8.8,7.5,.49,-3.1
2010,150,6,36.4,13.4,26.1,43,5.6,17.2,3.16,31.34,0,33.2,22.5,27.8,25.1,24.6,24.8,1.5,.4,183,71,10.8,10.6,8.6,7.2,.5,-3
2010,151,6,37.5,16.7,27.7,38.3,6.7,15.8,3.46,31.04,0,33.9,23.6,28.7,25.5,25,25.2,1.8,.7,219,65,6.3,12.4,8.9,7.7,.52,-2.3
2010,152,6,36.6,17,27.4,31.3,5.4,13.3,3.43,30.12,0,33.4,24.1,28.8,25.8,25.4,25.6,2.5,1.5,204,51,9.3,12.3,9.4,8.6,.45,-4.4
2010,153,6,35.8,14.3,26.5,46.2,5.8,15.9,3.19,30.91,0,33.6,23.9,28.8,26,25.6,25.8,1.7,.5,238,68,6.9,10.9,8.7,7.4,.48,-3.5
2010,154,6,37.2,19.4,29,33.4,8.6,17.4,3.57,30.07,0,34.7,25.1,29.7,26.4,25.9,26.1,2.2,.8,218,64,6.6,13.5,9.1,8.2,.64,.6
2010,155,6,39.2,20.8,30,34,5.8,17.4,3.82,30.2,0,32.3,25.9,28.8,26.7,26.3,26.5,1.8,.8,227,59,6.7,14.3,8.9,7.9,.66,.8
2010,156,6,41.3,19.1,31.8,47.2,6.3,19.5,4.23,30.52,0,29.3,22.3,25.7,26.7,25.8,26.2,2.2,1.1,238,56,7.2,13.8,9.6,8.8,.79,3.4
2010,157,6,42.3,21.1,33,38.8,5.6,17.1,4.53,30.14,0,33.6,22.3,27.8,26,25.4,25.7,2.1,1.3,242,51,8.3,14.7,9.7,8.9,.76,2.8
2010,158,6,42.1,23.4,32.9,33.7,7.8,17.1,4.49,30.14,0,35.7,25.7,30.5,26.8,26,26.3,2.3,1.2,240,56,7.8,15.5,9.8,9.2,.77,3.2
2010,159,6,41.7,22.5,32.5,37.9,8.9,17.8,4.32,30.74,0,36.4,26.7,31.5,27.5,26.8,27.1,2.6,1.3,223,58,8.4,15.1,10.1,9.6,.81,3.9
2010,160,6,40.5,20.5,31.7,55.9,9.7,24,3.92,30.32,0,36.9,27.4,32,28,27.5,27.6,2.2,1,221,60,6.8,14.3,9.3,8.6,.99,6.6
2010,161,6,39.2,23.2,31,36,10.4,21.6,3.74,30.2,0,36.4,27.9,32,28.3,27.9,28.1,3.4,2.1,197,51,10.1,15.2,10.2,10.2,.92,5.6
2010,162,6,34.9,18.1,27.7,48.9,8.8,23.3,2.98,28.54,0,33.9,27.6,30.6,28.4,28,28.2,4.2,3.6,198,31,11.8,12.5,10.1,9.7,.84,4
2010,163,6,30.1,16.7,23.3,44.7,16.9,28,2.14,27.52,0,33,25,28.7,28.2,27.4,27.8,3,.8,194,70,10.2,10.6,7.9,7.5,.79,3.3
2010,164,6,33.5,14.8,25,61.6,12.8,29.7,2.54,29.62,0,33.3,24.3,28.8,27.6,27,27.3,1.7,.7,259,62,8.8,10.7,8,6.9,.83,4.2
2010,165,6,36.9,17,27.7,48.2,8.5,23.4,3.17,30.66,0,34.8,25.2,29.9,27.4,27,27.2,1.6,.1,247,80,10.5,12.4,8.5,7.4,.77,3
2010,166,6,39.6,19.1,30.6,35.1,7.6,16.6,4.01,30.94,0,35.9,26.1,31,27.8,27.3,27.5,2,1,195,58,7.3,13.6,9.4,8.3,.65,.9
2010,167,6,39.3,21.3,30.9,38.8,7.4,16.8,4.01,30.97,0,35.7,27.2,31.4,28.1,27.8,28,3.2,1.9,199,51,11.3,14.5,10.7,10.2,.68,1.4
2010,168,6,39.8,18.8,30,39.1,6.6,17.2,3.85,31.42,0,36.5,26.9,31.6,28.4,28,28.2,2.1,.8,187,63,6.9,13.5,9.5,8.5,.65,.7
2010,169,6,40.7,19.8,30.7,35,3.5,15,4.18,31.51,0,36.8,27.1,31.9,28.6,28.2,28.4,2.2,1.4,198,48,8.4,14.1,9.8,8.8,.57,-1.4
2010,170,6,40.3,20.3,31,22,4.8,10.2,4.34,31.55,0,36.8,27.2,31.9,28.8,28.4,28.6,2.6,1.2,177,59,6.3,14.2,10.3,9.6,.43,-4.8
2010,171,6,39.6,19.8,30.8,34.2,7.1,16,4.04,30.88,0,37.3,27.9,32.5,29,28.6,28.8,2,.9,199,60,6.3,13.9,9.4,8.4,.64,.5
2010,172,6,40.3,20.5,30.7,29.6,4.4,13.7,4.16,31.64,0,36.9,27.9,32.3,29.2,28.8,29.1,2.7,1.5,190,53,8.5,14.3,10.4,9.7,.53,-2.2
2010,173,6,39.7,19.1,29.6,26.9,5.5,12.7,3.91,31.64,0,37.1,27.5,32.2,29.4,28.9,29.1,1.8,.4,167,70,8.5,13.6,9.3,8.1,.5,-2.8
2010,174,6,41.9,18.2,30.7,47.9,4,15.4,4.25,31.64,0,37.7,27.5,32.5,29.4,29,29.2,1.6,.1,33,78,5.4,13.5,9.3,7.9,.56,-1.4
2010,175,6,44.2,20.8,33.7,49.3,3.2,11.4,5.09,30.21,0,38.2,28.5,33.2,29.7,29.2,29.5,2,.3,221,74,6.1,14.6,9.6,8.8,.51,-2.9
2010,176,6,42.9,23.9,34.3,52.5,4.9,16,4.92,30.11,0,34,26.5,31.5,30,29.7,29.9,2.7,1,218,64,10.1,15.7,10.4,9.9,.75,2
2010,177,6,39.8,22.4,31.6,30.8,6.8,14.7,4.25,31.02,0,29.3,22.9,26.4,29.8,28.2,28.9,2.4,1,220,61,8,15,10.1,9.1,.64,.4
2010,178,6,40.5,22.5,31.3,32.6,7.4,18,4.06,30.85,0,34.8,23.2,28.8,28.2,27.5,27.8,1.6,.7,173,62,5.4,15.1,9,7.9,.75,2.6
2010,179,6,42.9,21.8,32.7,34.7,6.3,18.2,4.47,30.38,0,36.9,26,31.3,28.6,27.9,28.2,2.2,1.2,136,55,9.1,15,9.6,9.1,.8,3.6
2010,180,6,42.1,24.2,34.4,40,8.7,20.3,4.61,29.64,0,32.9,27.3,30.4,28.9,28.5,28.8,3.1,2.4,78,39,10.1,15.7,10.3,10.2,1.03,7.4
2010,181,6,43.3,23.8,34.8,46.7,8.6,22.9,4.7,28.25,0,30.7,24.7,27.6,28.9,28,28.4,2.9,2.2,71,42,9.6,15.7,10.1,10,1.16,9.1
2010,182,6,44,26.9,36,40.6,10.3,23.3,4.83,26.33,0,35.9,26,30.7,28.5,27.9,28.1,3.4,2.6,93,39,10,16.6,9.8,10.6,1.3,10.7
2010,183,6,44.5,24.4,35.4,59.7,7,22,4.97,29.51,0,37.8,28.5,33,29.3,28.5,28.8,2.4,1.2,254,58,9.4,16,10.1,9.6,1.09,7.4
2010,184,6,39.5,23.9,32.5,44.2,9,22.1,4.02,30.18,0,37.2,29,33.1,29.8,29.3,29.5,2.8,1.9,234,46,9.2,15.6,10.1,9.5,1.01,7
2010,185,6,38.8,22.4,31,52.5,12.2,27,3.55,30.07,0,37.5,28.5,32.9,30,29.5,29.8,2.2,.8,204,65,6.5,14.9,9,8.4,1.12,8.4
2010,186,6,38.9,22,31.5,38.6,8.6,17.3,4.07,30.42,0,37.6,28.8,33,30.1,29.7,29.9,2.3,1.4,221,50,6.3,14.7,9.5,8.6,.73,2.4
2010,187,6,39.5,21.9,32.1,42.6,9.9,19.6,4.1,30.1,0,37.9,28.9,33.3,30.2,29.9,30.1,2.2,.5,242,72,6.3,14.7,9.2,8.5,.86,4.7
2010,188,6,41.2,22.8,32.8,36.1,8.5,16.7,4.43,29.5,0,38.4,29.4,33.8,30.5,30.1,30.3,2,.3,228,75,5.8,15.2,9.1,8.3,.76,2.9
2010,189,6,42.5,22.9,34.4,40.4,11.4,18.5,4.74,29.18,0,38.8,29.9,34.2,30.7,30.3,30.5,1.9,.6,168,67,9.6,15.3,9.3,8.4,.97,6.4
2010,190,6,42.9,27.3,35.2,44.7,13.9,24.3,4.43,22.68,0,38.5,31.7,34.9,31.1,30.7,30.9,2.2,1,131,61,9.3,16.7,7.8,8.1,1.38,11.5
2010,191,6,42.3,29.6,35.3,59.4,14.1,30.2,4.22,22.78,0,38.5,32.1,34.9,31.3,31,31.2,2.2,.6,287,68,9.3,17.2,7.7,7.9,1.63,14.1
2010,192,6,40.5,27.1,35,45.6,17.4,26.6,4.29,27.66,0,38.7,31.9,35.3,31.6,31.2,31.4,3.3,2.1,244,48,9.7,16.6,9.9,9.8,1.45,12.4
2010,193,6,40.7,25.9,34.3,58.8,16.1,30,4.05,28.63,0,39.3,31.7,35.5,31.8,31.4,31.6,2.5,1.8,254,42,9.5,16.3,9.3,8.8,1.51,12.9
2010,194,6,41.8,27.1,35.8,44.4,14,23.6,4.74,28.08,0,39.6,32.1,35.9,32,31.7,31.8,2.8,2.1,242,39,8.1,16.7,9.7,9.4,1.31,10.9
2010,195,6,42.9,27.9,35.9,46.5,14.5,27.6,4.52,27.22,0,40.9,32.7,36.6,32.4,32,32.1,2,1.2,183,50,6.7,16.9,8.7,8.3,1.55,13.4
2010,196,6,45.2,31.2,37.9,43.5,11.1,24.7,5.17,26.05,0,41.5,34,37.4,32.9,32.4,32.6,2.2,1.3,262,52,8.4,17.2,8.9,8.9,1.54,13.3
2010,197,6,42.9,28.6,36.3,53.7,16.7,28.3,4.52,24.66,0,41,34.2,37.3,33.2,32.8,33,2.9,.6,218,72,11.5,17.1,8.8,9.3,1.65,14.4
2010,198,6,42.6,27.4,35.2,62.3,17.1,33.9,4.05,25.35,0,40.4,33.7,36.8,33.3,32.9,33.1,2.8,1.5,228,55,13.2,16.8,8.7,9.1,1.8,15.7
2010,199,6,42.2,27.9,35.2,65.3,17,35.5,3.95,27.08,0,40.3,33.8,36.9,33.3,33,33.2,3.1,1.9,202,51,9.1,16.9,9.2,9.5,1.87,16.3
2010,200,6,43.2,31,37.9,42.3,15.3,24.3,5.11,27.3,0,41.7,34.5,37.8,33.6,33.2,33.3,2.8,2.1,259,40,7.8,17.2,9.6,9.6,1.56,13.5
2010,201,6,41.5,28,34.8,59.7,13.9,33.1,3.98,23.78,0,40.2,34.5,37.1,33.8,33.5,33.7,3.1,1.4,198,60,14.4,16.9,8.2,9,1.72,14.8
2010,202,6,41.4,27.7,33.8,66.1,17.7,34.5,3.6,19.54,.25,39.1,33.2,35.6,33.8,33.2,33.5,2.8,2.5,158,26,9.8,16.8,6.8,8.1,1.75,15.4
2010,203,6,34.3,25.8,29.7,76.3,35.2,54.2,1.98,16.87,.25,36.2,32.2,34.2,33.4,32.8,33.1,2.9,1.7,172,51,10.8,15.9,5,5.9,2.22,19.1
2010,204,6,36.1,26.3,30.5,65.3,27.9,46,2.47,18.85,0,36.4,31.5,33.6,32.8,32.2,32.5,2.1,1.9,340,28,9.2,16.2,5.8,6.1,1.96,17.1
2010,205,6,40.1,24.5,31.9,72.8,19.8,44.1,2.98,27.48,4.32,39.8,30.8,34.8,32.4,32,32.2,1.5,.5,121,68,10.8,15.7,7.7,7.2,1.93,16.8
2010,206,6,41.9,25.7,33.2,82.8,16.3,43.6,3.22,24.61,0,39.1,30.4,34.2,32.6,32.1,32.3,2.2,.7,106,66,12.4,16.3,7.6,7.7,2.03,17.5
2010,207,6,40.5,28.1,34,58.1,16.1,36,3.64,25.74,0,39.8,31.7,35.5,32.6,32.2,32.4,2.2,1.2,109,55,8.4,16.9,7.9,8,1.78,15.3
2010,208,6,40.5,28.9,33.7,57,20.1,36.2,3.49,24.1,0,39.6,33.2,36,32.9,32.6,32.7,3.1,.6,196,73,9.3,17.1,8,8.8,1.82,15.8
2010,209,6,38.4,26.7,32.1,88,27.8,51.2,2.55,27.81,1.78,40.7,33.2,36.6,33.3,32.8,33,2.7,1.7,170,48,11.6,16.5,8,8.1,2.33,19.8
2010,210,6,37.3,24.6,28.6,94.8,35.3,72.3,1.25,20.18,1.52,38.3,31.7,34.2,33.4,32.8,33.1,2.1,.6,143,69,13,15.7,5.3,5.8,2.74,22.5
2010,211,6,36.6,24.3,30,87.1,31,57.7,2.02,22.86,0,34.6,30.2,32,32.9,32,32.4,2.7,1.3,151,58,11.5,15.5,6.2,6.8,2.33,19.8
2010,212,6,30,22.5,25.8,96.1,55.5,79.5,.72,12.02,5.84,30.4,27.9,28.8,32.1,30.9,31.5,2.4,1.3,139,54,11.5,13.5,2.4,3.4,2.61,21.8
2010,213,6,32.1,23,27.1,92.6,32.7,65,1.35,15.07,0,29.3,26,27.8,30.9,30,30.4,2.1,1.5,341,42,8.1,14.3,3.9,4.5,2.28,19.4
2010,214,6,37.8,21.5,29.9,89.5,20.2,51,2.48,27.42,0,32.8,25,28.6,30,29.2,29.5,1.4,.4,132,68,5.3,14.4,7.2,6.6,1.94,16.8
2010,215,6,40.7,24.1,32.9,83.3,13.6,39.3,3.48,27.51,0,37.3,27,31.8,30.1,29.5,29.6,1.1,.4,147,64,5.6,15.6,7.5,6.6,1.74,14.9
2010,216,6,42.3,24.4,34.2,63.7,12.1,31.3,4.11,27.82,0,38.9,29,33.8,31,30.1,30.5,1.3,.7,178,56,4.9,15.8,8,7.1,1.5,12.7
2010,217,6,43.1,24.8,35,49.4,10.9,24.3,4.61,27.96,0,39.6,30.1,34.7,31.6,31,31.2,1.8,1.2,152,48,9.9,16,8.7,8,1.24,10
2010,218,6,41.4,25,32.9,64.6,13,35.2,3.57,23.69,0,39,31.1,34.7,32,31.6,31.8,1.8,.8,160,59,12.1,16,7.4,7.1,1.61,13.9
2010,219,6,36.3,24.1,30.7,85.2,25.2,43.9,2.6,21.89,1.02,36.4,31.1,33.3,32.2,31.7,32,3.1,1,342,67,10.2,15.4,6.7,7.3,1.88,16.4
2010,220,6,37.8,23.8,31.4,76.7,16.2,39.2,2.97,25.57,0,38.2,30.4,33.8,31.9,31.6,31.8,2.6,1.5,159,53,9.9,15.4,7.9,7.7,1.7,14.5
2010,221,6,39.4,21.3,31.5,60.7,13.1,27.8,3.63,27.09,0,38.5,29.6,33.9,32,31.6,31.8,1.4,.4,255,70,5.8,14.5,7.8,6.7,1.19,9.4
2010,222,6,41,24.7,34,52.8,16.1,27.6,4.07,26.99,0,39.5,30.9,35,32.3,31.9,32,1.6,.4,215,71,5.2,15.9,8.1,7.3,1.4,11.9
2010,223,6,41.8,27.1,35.1,49.6,15.2,26.7,4.39,26.32,0,40.2,32.1,35.9,32.8,32.3,32.5,2.2,1,228,59,6.8,16.7,8.5,8.1,1.43,12.2
2010,224,6,42.3,26.8,35,47.4,11.1,23.8,4.56,26.89,0,40.4,32.5,36.2,33.1,32.7,32.9,2.2,1.3,215,51,6.7,16.5,8.8,8.3,1.24,9.9
2010,225,6,42.7,24.8,34.9,44,5.5,18.1,4.87,27.14,0,40.1,32.2,36,33.3,32.9,33.1,2,.8,250,63,6.8,16,8.9,8.1,.93,5.5
2010,226,6,41.2,26.8,34.7,49,16.1,27.4,4.21,25.71,0,40,32.7,36.1,33.4,33.1,33.3,2.1,.7,253,66,6.7,16.5,8.3,7.8,1.46,12.6
2010,227,6,42,26.3,35,66.3,17.7,32.6,4.03,24.8,0,40.2,33,36.4,33.6,33.3,33.4,2.4,1.4,204,54,9.8,16.5,8.2,8.2,1.73,15.1
2010,228,6,38.9,29,33.3,58.5,22.8,38.3,3.28,19.27,0,39,33.6,36,33.8,33.5,33.6,2.2,1.6,155,41,9.8,17.1,6.1,6.7,1.9,16.6
2010,229,6,40.9,23.4,32.1,92,19.6,47.8,2.82,20.54,10.67,36.3,29.4,33.7,33.7,33.4,33.6,2.7,.9,307,66,11.9,15.4,6.4,7.4,2.12,18.3
2010,230,6,37.8,22.3,29.9,96.9,26.9,62.2,1.96,23.12,0,32.7,27.6,30.1,33.4,31.9,32.5,1,.6,11,52,5,14.8,5.7,5.4,2.42,20.5
2010,231,6,40.7,25.1,33.3,85.8,20.6,46.9,3.13,25.76,0,33.9,27.9,30.8,32,31.3,31.6,1,.4,33,61,6.3,16,7,6.1,2.18,18.6
2010,232,6,41.8,26.5,34.2,58.5,17,35.5,3.74,25.91,0,37.3,27.7,32.2,31.5,31.1,31.4,1.9,.2,187,77,6.3,16.5,7.9,7.5,1.79,15.7
2010,233,6,39.8,24.5,33.8,90.3,23,43.2,3.24,23.02,2.29,38.2,30.7,34.2,32.2,31.5,31.8,2.9,.6,228,72,14.8,15.8,7.2,7.7,2.13,18.4
2010,234,6,37.7,23.6,30.4,94.7,28.8,62.7,1.92,25.15,0,38.1,29.6,33.6,32.3,31.9,32.2,1.1,.8,31,46,5.2,15.3,6.2,5.9,2.56,21.4
2010,235,6,41.8,27,34.3,77.7,19.8,45.2,3.29,24.94,0,39.7,31.3,35.2,32.7,32.2,32.4,1.1,.3,51,70,5.1,16.6,6.9,6.3,2.27,19.3
2010,236,6,43.2,26.9,34,70.8,14.1,41.1,3.47,24.17,0,39.5,32,35.4,33,32.7,32.8,2.1,1.5,91,44,12.1,16.6,7.5,7.6,2.03,17.5
2010,237,6,37.6,25.5,32,62.1,24.5,39.7,3.03,25.46,0,37.3,31.6,34.4,33.2,32.8,33,4.2,3.9,75,21,10.7,16,9.1,9.1,1.82,16
2010,238,6,32.6,24.6,28.7,83.5,37.5,54.7,1.84,12.07,2.79,33.8,29.7,31.6,33,32.2,32.7,2.9,2.4,120,33,8.3,15.2,3.9,4.9,2.12,18.2
2010,239,6,30,22.7,25.9,91.1,48.9,72.7,.95,13.72,1.52,31.1,27.9,29.1,32.2,31,31.6,2.2,1.6,178,44,9.8,13.5,3.2,3.7,2.4,20.4
2010,240,6,36.9,21.9,27.8,85.7,29.3,59.4,1.71,22.3,27.69,34.7,26.6,29.7,31,30.4,30.6,3.5,2.8,163,36,22.4,14.5,6.7,7.2,2.12,18.4
2010,241,6,35.6,22.8,28.8,83.1,23,52.4,2.07,24.55,0,29.8,25.5,27.4,30.6,29.8,30.2,3.4,2.8,177,33,9.6,14.8,7.5,7.4,1.98,17
2010,242,6,35.9,21.8,28.5,87.8,18.1,47.1,2.28,24.14,0,31.4,24.3,27.4,29.8,28.9,29.3,3.1,2.8,186,25,9.2,14.3,7.5,7.3,1.73,14.8
2010,243,6,37.2,19.3,29,70.9,24.9,40.4,2.61,24.83,0,34.5,24.8,29.4,29.3,28.9,29.1,1.1,.2,344,72,4.8,13.4,6.5,5.5,1.57,13.6
2010,244,6,39.2,21.7,30.6,80.3,13.7,39.5,3.04,25.38,0,35.6,27.1,31.1,29.9,29.3,29.6,1.1,.4,350,63,5.4,14.6,6.9,5.8,1.56,13.4
2010,245,6,41.1,19.1,30.4,75.3,9.4,34,3.34,25.83,0,36,27.1,31.3,30.3,29.9,30,1.3,.8,186,47,5.3,13.7,7.2,6.2,1.28,10.3
2010,246,6,42.2,20.1,32.2,61.2,10.3,26.5,4.01,24.5,0,36.2,27.5,31.7,30.4,30.1,30.3,1.6,1,162,50,8.4,14.3,7.4,6.8,1.13,8.6
2010,247,6,41,24.4,32.2,58,12.8,33.4,3.53,24.52,0,37.1,29.1,32.8,30.9,30.4,30.6,1.1,.5,148,63,5.9,15.8,7,5.9,1.48,12.7
2010,248,6,41,25.2,33.1,55.8,14.3,32,3.74,23.87,0,37.3,29.3,33.1,31.2,30.8,31,2,1.2,195,52,7.2,16.1,7.3,7.2,1.51,13
2010,249,6,38.4,27.8,32.5,56.2,19.5,40.6,3.05,21.01,0,37.2,30.9,33.8,31.5,31.1,31.3,2.1,1.7,174,32,7.5,16.8,6.4,6.5,1.91,16.7
2010,250,6,37.4,24.7,31.3,62.1,16.4,34.8,3.13,20.63,0,36.3,30.5,33.4,31.7,31.4,31.5,2,1.3,174,48,9.4,15.7,6.3,6.3,1.52,12.8
2010,251,6,37.1,20.3,29.7,71.8,12.5,32,3.04,23.27,0,35.3,29.8,32.3,31.7,31.3,31.5,3.6,3.2,195,29,11.1,13.9,8.6,8.3,1.26,9.4
2010,252,6,35.1,15.5,26,48.3,8.6,23.7,2.81,24.64,0,30.8,24.8,28.2,31.5,30.3,30.9,2.1,1.3,218,48,10,11.4,7.5,6.5,.74,2.4
2010,253,6,34.6,18.1,25.7,53.3,10.9,26,2.64,24.36,0,28.2,21.3,24.9,30.3,28.7,29.4,1.6,.9,163,54,4.4,12.5,6.6,5.8,.8,3.7
2010,254,6,36.8,14.3,25.7,71.2,6.2,30.9,2.72,25.15,0,30.9,21.3,25.8,28.7,27.9,28.2,.9,.4,184,61,4.2,11.2,6.4,4.9,.85,4.3
2010,255,6,37.3,16.1,25.7,63.5,8,30.9,2.65,18.72,0,30.9,23.1,26.7,28.2,27.8,28,.9,.1,28,78,3.7,12.1,5,4.4,.9,5.2
2010,256,6,40,15.8,27.8,67.9,6.9,28,3.23,23.83,0,32.7,23.1,27.7,28.2,27.7,28,.8,0,31,79,3.9,12.3,6.3,4.9,.87,4.8
2010,257,6,40,19.5,29.5,50.6,8.8,24.8,3.44,23.33,0,33.6,25.1,29.1,28.5,28.1,28.2,1.4,.4,186,70,5.7,13.8,6.8,5.9,.93,5.9
2010,258,6,39.4,21.4,30.6,59.7,12.5,30,3.37,22.71,0,34.7,26.5,30.4,29,28.5,28.7,1.2,.1,197,78,7.2,14.6,6.5,5.5,1.23,9.9
2010,259,6,40.1,20.3,30.4,66.6,10.5,31.9,3.36,22.88,0,35.1,27.1,30.8,29.3,29,29.1,1.3,.1,262,78,6.2,14.2,6.5,5.6,1.23,9.9
2010,260,6,40.8,18.3,29.6,66.8,10.6,31.5,3.28,22.94,0,35,26.8,30.7,29.5,29.2,29.4,.9,.1,160,77,3.7,13.4,6.2,5.1,1.16,9.1
2010,261,6,42.2,17.3,29.5,67.3,6.4,29.8,3.46,22.91,0,34.9,26.7,30.6,29.6,29.3,29.5,1,.2,358,72,4,13.2,6.4,5.2,1.03,7.2
2010,262,6,41.6,18.2,31,67.3,13.5,29.6,3.62,21.85,0,35.1,27,30.9,29.7,29.3,29.5,1.3,.7,140,56,6.1,13.4,6.5,5.7,1.23,9.9
2010,263,6,40.6,25.6,32.7,53.3,9.4,27.2,3.84,21.27,0,34.1,28.1,30.9,30,29.6,29.8,1.8,.8,168,61,6.3,16.2,6.8,6.4,1.23,9.6
2010,264,6,37.8,26,30.5,68.4,28.1,47.9,2.39,16.69,0,30.9,26.1,28,30,29.2,29.6,2.9,2.2,192,40,11.1,16.2,5.4,6.4,2.06,17.9
2010,265,6,34.9,22,29.1,82.3,19.8,49.5,2.14,17.91,.25,29.2,25.8,27.2,29.3,28.6,28.9,4,3.5,188,26,9.6,14.4,6.4,6.6,1.94,16.5
2010,266,6,34.1,15.7,25.4,80.4,14.5,41.3,2.17,22.04,0,29.3,22.9,26.1,28.6,27.8,28.2,1.1,.3,27,69,4,11.3,5.5,4.5,1.23,9.8
2010,267,6,37,17,26.6,69.2,13.6,36.7,2.55,21.71,0,28.1,22.1,24.9,28,27.3,27.6,1.3,.5,13,62,5.8,12.4,5.9,5,1.16,9.1
2010,268,6,39.7,18.5,29,62.7,11.2,31.8,3.13,21.63,0,29.5,21.7,25.3,27.4,26.8,27.1,1.4,.9,360,51,4.4,13.4,6.2,5.5,1.14,8.8
2010,269,6,37.8,20.6,29.8,62.4,17.3,34.2,2.96,20.98,0,31.2,23.4,27.1,27.3,27,27.1,1.9,1.4,71,42,7.6,14.1,6.6,5.9,1.38,11.7
2010,270,6,38.8,19.1,29.4,65.5,13.5,33.5,3.07,20.77,0,32.5,24.4,28.3,27.7,27.3,27.5,1.3,.5,153,64,6.6,13.5,6.1,5.2,1.25,10.3
2010,271,6,38,18.9,29.5,67.8,13.8,31.2,3.03,19.66,0,33,25.7,29.1,28.1,27.7,27.9,1.3,.1,184,76,5.2,13.4,5.6,4.8,1.23,9.9
2010,272,6,38.4,18.7,28.7,73.1,11.9,39.1,2.73,20.52,0,33.3,25.5,29.2,28.3,28,28.1,1.1,.3,208,71,4.3,13.3,5.6,4.7,1.4,11.8
2010,273,6,40,17.7,30.2,77.6,11.1,34.8,3.21,20.31,0,33.8,25.8,29.6,28.4,28.1,28.3,1.3,.5,188,64,4.3,13,5.8,5,1.33,11.1
2010,274,6,38.7,23.1,31.4,58.8,15.7,32,3.3,17.49,0,33.8,27.2,30.2,28.8,28.4,28.5,2.1,.7,220,66,6.6,15.1,5.7,5.8,1.41,12.1
2010,275,6,38.4,21.3,29.6,68.7,17.9,38.8,2.8,19.77,0,33.9,27.3,30.5,29,28.7,28.8,2.9,1.7,194,53,14.1,14.4,6.5,6.9,1.51,13
2010,276,6,36.2,18.8,27.2,79.7,16.5,45.2,2.28,19.82,0,33.4,26.5,29.7,29.1,28.7,28.9,1.2,.5,146,62,5.2,13.1,5.1,4.5,1.49,12.8
2010,277,6,35.2,19,25.1,88.8,20.8,54.6,1.65,14.83,4.32,31,25.9,28,29,28.5,28.8,2.2,.9,138,63,13.5,13,4.3,4.9,1.64,14.2
2010,278,6,28.6,17.6,22.2,99.6,45.2,73.9,.77,12.22,30.48,25.9,22.5,24.4,28.6,27.3,28,3,1.9,160,48,13.3,10.3,2.8,3.5,1.94,17
2010,279,6,30.6,16.1,22.9,99.6,26.3,63.7,1.22,18.64,0,25.5,21,22.9,27.4,26.1,26.6,2.4,1.8,199,42,11.8,10.5,5,4.5,1.66,14.3
2010,280,6,30.7,14,21.2,91.8,17.9,57.7,1.28,20.26,0,25.6,19.4,22.1,26.1,25.3,25.7,1.2,.4,244,66,6.6,9.5,4.7,3.9,1.35,11.3
2010,281,6,29.7,12,20.3,92.5,16.1,55.5,1.31,20.37,0,25.8,18.6,22,25.4,24.8,25.1,.9,.1,314,77,3.8,8.2,4.4,3.5,1.2,9.5
2010,282,6,31,10.4,20.4,90.3,13.1,49.2,1.53,20.54,0,26.5,18.4,22.1,25,24.4,24.7,.9,.1,107,75,3.9,8.1,4.6,3.6,1.04,7.4
2010,283,6,32.1,11.1,21.4,88,14.1,44.1,1.74,19.7,0,27.3,19.1,22.9,24.7,24.3,24.5,1.2,.5,192,62,3.8,8.7,4.7,3.9,.98,6.6
2010,284,6,32.5,12.5,22.3,79.9,14.5,45.5,1.79,19.44,0,28.1,19.9,23.6,24.7,24.4,24.6,.8,.3,170,64,3,9.4,4.5,3.4,1.09,8
2010,285,6,34.9,12.3,22.7,84.5,13.2,46,1.85,19.22,0,28.5,20.4,24.2,24.9,24.6,24.7,.8,.1,161,73,3.1,9.8,4.5,3.6,1.12,8.5
2010,286,6,36,13.8,24.5,82.7,12.7,42.6,2.21,18.72,0,28.2,21,24.5,25,24.7,24.9,1.8,1.3,40,44,8.2,10.8,5.5,5,1.13,8.7
2010,287,6,36.2,17.6,26.5,61.3,12.2,35.5,2.51,18.41,0,29.5,22.2,25.5,25.3,25,25.1,1.8,1,56,54,6.3,12.6,5.5,5,1.14,8.8
2010,288,6,33.6,16.6,25,74.5,18.2,43.9,2,18.28,0,29.7,22.8,26,25.6,25.2,25.4,2,.8,154,62,13.1,11.6,5.1,4.8,1.29,10.6
2010,289,6,32.4,14.3,23.1,84.9,20.5,50.1,1.67,17.41,0,29.3,22.5,25.6,25.7,25.4,25.6,.8,.4,158,61,3.7,10.2,4,3.2,1.3,10.8
2010,290,6,31.5,18.5,24.5,71.6,25,48.9,1.72,16.52,0,29.2,22.7,25.7,25.7,25.4,25.6,1.8,1.2,188,48,6.3,12,4.2,4.1,1.44,12.3
2010,291,6,29.9,18.8,23.8,68.3,24.9,48,1.63,17.8,0,29.2,23.4,26,25.8,25.5,25.7,2.1,1.6,208,41,8.1,11.5,4.7,4.4,1.36,11.5
2010,292,6,28.8,15.9,22.4,84,27,51.7,1.44,17.6,0,28.1,22.8,25.2,25.8,25.5,25.6,2.4,1.9,196,36,7.8,9.5,4.9,4.3,1.33,11
2010,293,6,24,15.2,19,83.9,33.7,60.3,.91,8.17,.76,24.8,21.7,23.1,25.7,25,25.4,2,1.6,245,36,7.9,6.8,1.9,2.7,1.31,10.8
2010,294,6,22.9,12.3,16.6,97.9,39.1,73.3,.58,16.55,2.29,24.6,19.5,21.8,25.1,24.3,24.6,1.1,.2,340,74,4.8,4.9,3,2.6,1.35,11.3
2010,295,6,23.4,11.4,16.3,96.3,35,70.4,.65,12.21,0,23.4,18.6,20.7,24.3,23.6,23.9,1.1,.3,130,70,3.8,4.8,2,2.2,1.25,10.2
2010,296,6,25,10.3,17,91.7,33.6,66.3,.79,14.9,0,24.3,17.9,20.8,23.7,23.1,23.4,.8,.3,128,66,3.6,5.3,2.7,2.4,1.22,9.9
2010,297,6,27.5,9.9,18.4,90.7,27.3,58.6,1.06,16.25,0,25,18.2,21.4,23.3,23,23.1,.9,.4,161,63,5.3,6.5,3.3,2.7,1.16,9.1
2010,298,6,25.4,13.3,19,77.4,33.8,56.9,1.04,11.36,0,23.2,19.3,21.2,23.3,23,23.1,2.3,1.4,214,52,10.5,6.6,2.9,3.2,1.22,9.9
2010,299,6,28.8,10,18.4,87.7,22.4,53.8,1.19,16.8,0,24.7,17.9,21,23.1,22.7,22.9,1.4,.7,236,110,7.2,7,3.8,3.2,1.04,7.5
2010,300,6,26.4,8.1,17.4,80.5,17,41.5,1.35,17.25,0,24.2,17.4,20.5,22.9,22.5,22.7,1.5,.9,2,51,5.3,5.5,4.1,3.3,.75,2.8
2010,301,6,33,8.9,20,66.4,13.3,36.2,1.85,16.75,0,24.8,17.4,20.8,22.7,22.3,22.5,1.3,.6,48,61,5.8,8.4,4.4,3.7,.75,2.9
2010,302,6,33.6,9.9,20.9,76.1,13.6,39.6,1.89,16.87,0,25.8,18.1,21.6,22.6,22.4,22.5,1,.5,214,58,4.4,8.8,4.2,3.3,.84,4.4
2010,303,6,31,9.8,21.1,70.7,12.5,36,1.82,16.7,0,25,18.6,21.6,22.8,22.5,22.6,2.6,1.5,224,54,9.4,8,5.2,4.9,.83,4.2
2010,304,6,26.7,9.9,17.5,69,16.5,41.9,1.32,16.45,0,24.7,18.3,21.1,22.8,22.4,22.6,1.3,.5,227,64,6.4,6.1,3.8,3,.79,3.4
2010,305,6,28.1,8,17.1,66.5,13.7,39,1.42,16.42,0,23.9,17,20.2,22.6,22.1,22.4,1,.2,303,74,4.7,6.3,3.7,2.8,.69,1.6
2010,306,6,30.4,9,19.3,68.6,9.9,34.9,1.76,16.44,0,24,17,20.3,22.3,21.9,22.1,1.4,1.1,38,40,6.1,7.5,4.4,3.5,.69,1.6
2010,307,6,32.6,9.4,20.6,68.4,10.5,34.5,1.89,16.11,0,24.6,17.5,20.8,22.1,21.8,22,1.4,.9,53,47,6.1,8.5,4.3,3.6,.76,2.9
2010,308,6,29.4,10.6,19.6,67,14.9,37.5,1.62,15.52,0,23.4,18,20.6,22.2,21.8,22,2.5,2.1,59,32,12.1,7.5,4.9,4.4,.8,3.8
2010,309,6,31.9,8.7,19,75.2,10.3,36.8,1.73,16.02,0,21.6,15.9,18.6,22,21.4,21.7,1,.2,144,70,5.2,8.1,3.9,2.9,.69,1.6
2010,310,6,30.4,7.4,18,76.9,11.1,36.1,1.62,14.92,0,20.7,14.5,17.5,21.5,20.8,21.1,1,.1,334,78,5.4,7.3,3.5,2.7,.64,.6
2010,311,6,29.4,9,19.5,61.9,12.7,28.6,1.8,15.69,0,20.5,14.2,17,20.9,20.4,20.6,1.6,.5,152,68,4.9,7.1,4.2,3.5,.6,-.2
2010,312,6,27.1,9.8,19.1,55.4,20,34.6,1.54,14.52,0,20.2,14.2,17,20.5,20,20.3,2.6,1.5,218,53,8.6,6.3,4.2,4.1,.75,2.7
2010,313,6,20.4,8.1,14.6,45.1,13.8,31.2,1.2,15.9,0,19.6,14.4,16.7,20.2,19.8,20,2.8,2.2,248,35,6.7,2.7,4.3,3.7,.5,-3.1
2010,314,6,21.8,.8,11.9,67.2,13.2,32,1.07,15.35,0,19,12.3,15.4,19.9,19.2,19.5,1.4,.6,165,60,5.1,2.6,3.3,2.6,.41,-5.5
2010,315,6,21.4,1.6,11,67.4,15.3,37.1,.97,15.12,0,18.6,12,15,19.3,18.7,19,1.3,.4,333,66,5,2.6,3.1,2.4,.45,-4.2
2010,316,6,21.1,3.1,11.8,66.1,11.9,33.8,1.05,15.45,0,18.4,11.7,14.7,18.9,18.3,18.6,1.2,.8,355,49,4.6,2.5,3.2,2.4,.42,-5.1
2010,317,6,22.8,.6,11.3,81.3,10.9,32.6,1.1,15.07,0,18.1,11.1,14.3,18.5,17.9,18.2,1.3,.4,221,68,4.3,3,3.3,2.5,.38,-6.6
2010,318,6,21.8,3.4,12.7,61.2,12.3,27.1,1.19,14.47,0,18.2,11.9,14.8,18.1,17.8,18,1.6,.7,206,61,5.6,2.8,3.4,2.8,.37,-6.8
2010,319,6,23.3,4.5,13.3,62.8,19.9,36.8,1.1,14.55,0,18.5,11.9,15,18,17.6,17.8,1.5,.8,227,54,5.8,3.6,3.3,2.7,.54,-2
2010,320,6,24.5,3.6,13.5,74.8,18,42.9,1.08,14.36,0,19,12.2,15.3,17.9,17.6,17.8,1.1,.4,195,64,4.4,4,3,2.3,.61,-.2
2010,321,6,25.3,4,13.5,74.5,17.8,44.4,1.07,14.32,0,19.4,12.6,15.6,17.9,17.7,17.8,.8,.3,355,66,4.4,4.4,2.9,2,.62,.2
2010,322,6,26.1,2.8,13.7,79.1,10.8,38.4,1.25,14.55,0,19,12.2,15.3,18,17.6,17.8,.9,.3,4,69,4,4.6,3.2,2.2,.5,-2.8
2010,323,6,23.9,3,13.2,67,15.6,36.1,1.14,12.14,0,17.3,12.1,14.8,17.9,17.4,17.7,1,.1,355,77,3.3,3.6,2.6,2.2,.51,-2.6
2010,324,6,25.6,5,14.8,66.3,16.2,43.2,1.12,13.13,0,15.4,11.1,13.4,17.5,17,17.3,2.3,1.3,210,52,11.1,4.6,3.6,3.4,.69,1.2
2010,325,6,22.3,11.2,15.6,89.3,33.7,63.4,.72,10.18,.76,15.1,11.9,13.4,17,16.6,16.8,4.3,3.5,192,35,14,4.2,3,3.4,1.09,8.1
2010,326,6,16.5,3.2,10.4,86.5,21.7,55.5,.62,14.15,0,15.1,11,13.1,16.7,16.5,16.6,1.9,1.5,236,37,6.2,.9,2.7,2,.68,.9
2010,327,6,15.9,-1.5,8.1,86.8,26.5,51.6,.62,10.04,0,13.2,8.1,10.9,16.5,15.7,16,.8,.2,192,68,3.2,.6,1.5,1.3,.53,-2
2010,328,6,17,3,10,78.4,33.9,51.6,.66,12.58,0,13.8,8.9,11.2,15.7,15.3,15.5,1.8,1.2,221,46,7.2,1,2.5,2,.62,.1
2010,329,6,16.5,1.4,9.1,73.1,21.1,44,.71,13.75,0,14.3,8.9,11.3,15.4,15.1,15.2,1.5,.7,304,59,5,.8,2.6,2,.49,-3.5
2010,330,6,18.3,-3.9,6.4,68.1,7.4,29.9,.83,14.24,0,13.2,6.6,9.7,15.2,14.5,14.9,1,.5,358,55,5.4,1.2,2.7,1.8,.24,-12.4
2010,331,6,20.4,-3.8,7.2,68.1,9.2,28.3,.9,13.97,0,13.5,6.3,9.6,14.6,14,14.3,1,.3,189,67,4.4,1.9,2.7,1.9,.25,-11.8
2010,332,6,16.1,2,9.1,59,22.7,37.8,.76,10.8,0,13,7.6,10.1,14.2,13.9,14.1,2.8,1.9,243,46,9.8,.7,2.8,2.7,.44,-4.9
2010,333,6,12.9,-1.1,6.8,52.7,14.8,29,.74,13.78,0,12.3,7.7,9.6,14.1,13.7,13.9,3,2.2,264,42,9.9,0,3.3,2.7,.27,-10.8
2010,334,6,15.9,-5.9,4.3,65.8,13.6,36.3,.66,13.55,0,12,5.4,8.6,13.8,13.2,13.5,1.1,.4,1,65,4.7,.5,2.3,1.7,.26,-11
2010,335,6,21.3,-2.4,8.3,63.3,10.1,31.6,.94,13.35,0,13.3,6.2,9.4,13.3,12.9,13.1,.8,.2,191,69,3.2,2.3,2.5,1.7,.3,-9.6
2010,336,6,23.7,-1.5,10.2,67.4,9.1,28,1.11,13.02,0,14.1,7.2,10.4,13.3,13.1,13.2,.9,.4,185,58,3.3,3.2,2.6,1.9,.3,-9.6
2010,337,6,22.9,.5,10.5,63.1,9.2,29.1,1.07,10.9,0,14.1,8.3,10.9,13.5,13.3,13.4,.9,.2,131,70,3.8,3,2.3,1.9,.33,-8.3
2010,338,6,22.2,1.2,11,54.1,10.7,29.9,1.06,10.02,0,13.9,8.2,11,13.6,13.4,13.5,.8,.2,206,70,3.2,2.8,2,1.7,.36,-7.2
2010,339,6,23.8,2,12,67.9,11.5,31.4,1.13,11.54,0,15.1,9.1,11.9,13.8,13.6,13.7,.8,.3,192,67,2.9,3.6,2.4,1.8,.39,-6
2010,340,6,25.5,5.2,14.4,58.7,10.6,28,1.36,11.38,0,16,10.2,13.1,14.2,13.8,13.9,1.1,.4,178,64,4.2,4.7,2.7,2.2,.41,-5.5
2010,341,6,23.7,2.7,12,59.3,15.1,34.8,1.08,12.71,0,14.7,9.4,12,14.4,14.1,14.2,.8,.2,218,67,3,3.6,2.5,1.7,.45,-4.1
2010,342,6,25.2,1,11.6,66.5,11.7,35.9,1.11,13.07,0,13.6,7.6,10.5,14.2,13.7,13.9,1,.1,312,78,4.2,4,2.8,2.1,.42,-5
2010,343,6,24.7,-.2,11.6,71.2,11.1,33.6,1.11,12.65,0,13.6,7.2,10.3,13.8,13.3,13.6,.8,.6,169,47,3.9,3.7,2.5,1.8,.4,-5.6
2010,344,6,23,3.8,12.6,66.8,14,35.4,1.09,11.59,0,13.9,8.3,10.9,13.5,13.3,13.4,.6,0,150,80,3,3.3,2.2,1.5,.47,-3.5
2010,345,6,24.4,3.5,12.7,72.4,18.8,41.6,1.02,11.88,0,14,8.5,11.1,13.6,13.4,13.5,1,.6,220,54,4.8,4,2.5,2,.56,-1.1
2010,346,6,26.4,3.4,13.7,71.7,14.8,41.8,1.16,12.46,0,14.5,8.5,11.3,13.6,13.4,13.5,1.2,.4,23,65,4.7,4.7,2.9,2.3,.58,-.7
2010,347,6,26.2,3.4,13.6,65.9,14.7,39,1.17,12.7,0,15,8.6,11.6,13.7,13.5,13.6,1.2,.1,32,76,4.2,4.7,2.9,2.3,.55,-1.5
2010,348,6,25.1,1.5,12,76.8,14.3,42.4,1.01,12.62,0,15.6,8.5,12.1,13.8,13.5,13.7,.7,.2,160,70,3.3,4,2.3,1.6,.54,-1.9
2010,349,6,22.8,1.8,12.5,75.5,24.4,51.5,.82,9.91,0,13.7,9.4,11.9,14,13.7,13.8,1.8,1.3,243,45,8.7,3.1,2.3,2.3,.74,2.1
2010,350,6,16.6,7.4,12.1,100,46.8,74.1,.39,3.44,1.52,12.3,10.6,11.6,13.8,13.6,13.7,2,1.3,201,48,7.9,1.1,.4,1.3,1.03,7.3
2010,351,6,16.6,2.8,9,100,57.6,90.1,.15,10.64,.25,14.4,8.9,11.5,13.7,13.4,13.5,1,.4,144,62,3.3,.9,1.2,1.1,1.03,7.3
2010,352,6,20.5,7.7,13.2,96.2,41.5,74.9,.46,10.94,0,15.6,11,12.8,13.8,13.5,13.6,.8,.4,117,55,3.3,2.7,1.6,1.3,1.1,8.3
2010,353,6,24.1,8.2,14.9,88.8,30.6,62.4,.77,11.15,0,16.1,11.2,13.3,14.1,13.8,14,1.2,.7,147,52,4.3,4.5,2,1.9,1,6.9
2010,354,6,23.6,7.7,14.3,84.5,27.4,55.8,.84,8.63,0,14.8,11,12.6,14.3,14.1,14.2,1.4,.9,174,47,6.9,4.1,1.8,2.1,.86,4.8
2010,355,6,17.7,10.6,14.3,85.4,46.3,62.9,.62,3.17,0,13.4,11.6,12.4,14.2,14.1,14.1,1.2,.2,34,72,4.2,1.9,.5,1.3,1.02,7.2
2010,356,6,22.6,8.5,15.2,93,27.3,68.3,.67,4.09,1.02,13.9,11.6,12.8,14.2,14.1,14.1,2.4,1.8,194,41,9.6,3.8,1,2.2,1.11,8.3
2010,357,6,16.9,5.2,10.8,100,47.2,82.7,.26,10.54,1.02,15.1,10.9,12.8,14.2,14.1,14.2,1.2,.3,279,70,6.9,1.1,1.3,1.2,1.05,7.7
2010,358,6,18.1,1.7,9,99.6,41.6,79.1,.33,12.45,0,14.1,8.6,11.1,14.3,13.8,14,1,0,124,80,3.4,1.3,1.7,1.3,.88,5
2010,359,6,22.4,2.7,12.7,96.7,25.3,56.2,.85,12.62,0,13.7,8.4,10.9,13.9,13.4,13.7,2.2,1.7,75,39,8.8,3,3,2.6,.74,2.5
2010,360,6,18.8,3.3,11.1,81.8,35.6,61.3,.59,11.38,0,13.7,8.6,11.1,13.6,13.3,13.5,2,1.6,230,38,6.8,1.7,2.3,2,.79,3.4
2010,361,6,18.1,4.1,10.4,92,37.1,69.1,.47,10.97,0,14.4,9.4,11.5,13.5,13.3,13.4,1,.1,222,78,4.2,1.5,1.7,1.4,.84,4.4
2010,362,6,18.3,2,9.3,92,29.2,65.4,.5,12.38,0,14.2,8.4,11,13.6,13.2,13.4,1,.8,171,40,3.7,1.4,1.8,1.5,.73,2.4
2010,363,6,12.4,4.8,9.3,94.1,52.5,73.1,.32,1.93,5.59,10.7,9.3,10.1,13.4,13.1,13.2,3.4,2.9,177,31,10.9,0,.3,1.1,.86,4.6
2010,364,6,11.3,-1.2,6.5,85.1,16.5,57.2,.43,11.56,.51,10.3,6,9,13.1,12.7,12.9,5.4,4.1,249,40,13.8,0,2.7,2.1,.57,-2.3
2010,365,6,8.1,-3.5,1.2,84,25,58.1,.31,9.09,0,7.7,4,5.6,12.7,11.4,12,1.5,.4,309,70,5.6,0,1.1,1.2,.37,-6.7
