Date,MARICOPA,PIMA,PINAL
1990_0,1,0,0
1990_1,7,3,0
1990_2,0,2,0
1990_3,4,0,0
1990_4,1,0,0
1990_5,6,2,0
1990_6,2,0,0
1990_7,2,3,0
1990_8,2,0,0
1990_9,1,2,0
1990_10,2,1,0
1990_12,5,1,0
1990_13,3,0,0
1990_14,4,0,0
1990_15,1,0,0
1990_16,2,1,0
1990_17,3,6,0
1990_18,3,0,0
1990_19,2,1,0
1990_20,3,2,0
1990_21,0,5,0
1990_22,2,0,1
1990_23,3,2,0
1990_24,0,0,1
1990_25,3,4,0
1990_26,3,1,0
1990_27,1,3,0
1990_28,2,0,0
1990_29,1,0,0
1990_30,2,1,0
1990_32,2,0,2
1990_33,2,1,0
1990_34,2,0,0
1990_35,2,0,1
1990_36,2,1,0
1990_37,3,0,1
1990_38,1,1,0
1990_39,4,0,0
1990_40,5,0,0
1990_41,3,1,0
1990_42,2,0,0
1990_43,5,1,0
1990_44,1,1,0
1990_45,1,0,0
1990_46,1,1,0
1990_47,0,2,0
1990_48,0,4,0
1990_49,7,2,0
1990_50,4,0,1
1990_52,5,0,0
1991_1,0,2,2
1991_2,1,0,0
1991_3,9,4,0
1991_4,3,0,0
1991_5,5,1,0
1991_6,1,0,0
1991_7,5,0,0
1991_8,5,0,0
1991_9,2,0,0
1991_10,2,0,0
1991_11,2,3,0
1991_13,7,4,1
1991_14,2,0,0
1991_15,2,0,0
1991_16,1,0,0
1991_17,2,0,2
1991_18,7,4,0
1991_19,5,0,0
1991_20,2,0,0
1991_21,4,3,0
1991_22,3,1,0
1991_23,2,0,0
1991_24,2,0,0
1991_25,3,4,0
1991_26,2,0,0
1991_27,5,0,1
1991_28,6,2,0
1991_29,3,5,0
1991_30,2,0,0
1991_31,5,0,0
1991_32,2,0,0
1991_33,1,0,0
1991_34,5,0,1
1991_35,1,12,0
1991_36,4,0,1
1991_37,5,0,0
1991_38,8,0,0
1991_39,4,4,0
1991_40,1,0,0
1991_41,4,0,0
1991_43,9,0,2
1991_44,4,3,0
1991_45,8,0,0
1991_46,3,0,0
1991_47,5,0,1
1991_48,3,9,0
1991_49,15,0,3
1991_50,8,0,0
1991_51,5,0,2
1992_1,3,13,1
1992_2,9,0,1
1992_4,7,0,0
1992_5,6,5,1
1992_6,11,0,0
1992_8,2,0,0
1992_9,0,5,2
1992_10,11,0,2
1992_11,5,5,2
1992_12,2,0,0
1992_13,3,0,0
1992_14,1,0,0
1992_15,6,1,1
1992_16,0,0,0
1992_17,3,0,1
1992_18,0,0,0
1992_20,10,0,2
1992_22,5,0,0
1992_23,2,4,1
1992_24,6,0,2
1992_25,1,0,0
1992_26,5,0,0
1992_27,3,4,0
1992_28,1,0,0
1992_29,1,0,0
1992_31,10,0,0
1992_32,11,19,3
1992_33,7,0,0
1992_34,6,0,0
1992_35,9,0,1
1992_36,1,11,0
1992_37,11,0,0
1992_38,3,0,0
1992_39,5,7,1
1992_40,7,0,0
1992_41,5,0,0
1992_42,5,0,1
1992_43,0,0,2
1992_44,2,13,1
1992_45,0,0,0
1992_46,29,1,0
1992_47,0,0,0
1992_48,26,1,0
1992_49,30,7,3
1992_51,0,0,1
1992_52,11,0,2
1993_1,1,15,1
1993_2,28,1,0
1993_3,10,0,1
1993_4,12,0,4
1993_5,12,21,1
1993_6,12,0,1
1993_8,4,0,0
1993_9,9,14,1
1993_10,0,0,1
1993_11,18,0,0
1993_12,4,0,0
1993_13,1,0,0
1993_14,14,20,1
1993_15,10,0,1
1993_16,4,0,0
1993_17,4,0,0
1993_18,5,10,0
1993_19,5,0,0
1993_20,7,0,0
1993_22,2,0,0
1993_23,9,7,1
1993_24,6,0,0
1993_25,3,0,1
1993_26,4,0,0
1993_27,0,11,1
1993_28,13,1,1
1993_29,4,0,0
1993_30,3,0,1
1993_31,1,13,0
1993_32,8,0,1
1993_33,7,0,1
1993_34,1,1,1
1993_35,0,9,1
1993_38,22,0,1
1993_39,6,1,0
1993_40,22,20,1
1993_41,3,0,0
1993_42,5,0,2
1993_43,10,1,1
1993_44,7,8,0
1993_46,8,0,0
1993_47,1,0,0
1993_48,11,15,0
1993_50,10,0,0
1993_52,14,1,1
1994_1,5,16,4
1994_2,2,0,0
1994_3,0,0,1
1994_4,2,0,0
1994_5,6,14,3
1994_6,17,0,1
1994_7,1,0,0
1994_8,5,0,1
1994_9,7,0,0
1994_10,0,12,0
1994_11,7,0,1
1994_12,1,0,0
1994_14,1,11,0
1994_17,1,1,0
1994_18,0,5,1
1994_19,40,0,2
1994_20,15,0,1
1994_21,7,0,3
1994_22,5,0,1
1994_23,11,8,0
1994_24,3,0,0
1994_25,7,0,1
1994_26,6,0,1
1994_28,2,18,0
1994_29,7,0,1
1994_30,12,0,0
1994_31,9,0,2
1994_32,2,8,0
1994_33,10,0,1
1994_34,11,1,0
1994_35,12,0,1
1994_36,4,10,1
1994_37,11,0,0
1994_38,8,0,0
1994_39,16,0,2
1994_40,0,18,1
1994_41,12,1,0
1994_44,11,19,1
1994_45,16,0,2
1994_46,5,0,0
1994_47,3,0,0
1994_49,6,15,1
1994_50,5,0,0
1994_51,13,2,0
1994_52,11,13,2
1995_2,5,0,0
1995_3,13,0,2
1995_4,10,0,0
1995_5,4,14,0
1995_6,11,0,0
1995_7,0,0,1
1995_8,4,0,0
1995_9,5,10,0
1995_10,13,0,1
1995_11,1,0,0
1995_12,9,0,0
1995_13,3,1,0
1995_14,0,17,1
1995_15,12,0,0
1995_16,1,0,0
1995_17,0,0,1
1995_18,0,6,1
1995_19,5,1,1
1995_20,12,0,0
1995_21,20,1,0
1995_22,4,0,1
1995_23,3,12,0
1995_24,8,0,0
1995_25,5,0,4
1995_26,12,0,0
1995_27,11,1,0
1995_28,6,6,1
1995_29,7,0,0
1995_30,0,0,1
1995_31,16,10,2
1995_32,9,0,0
1995_33,2,0,1
1995_34,17,0,1
1995_35,8,0,0
1995_36,9,0,0
1995_37,4,23,5
1995_38,6,0,0
1995_39,17,0,0
1995_40,1,0,0
1995_41,5,9,2
1995_42,24,0,3
1995_43,0,0,4
1995_44,0,0,0
1995_46,1,10,1
1995_47,23,0,2
1995_48,25,0,1
1995_49,10,0,3
1995_50,15,0,0
1995_51,13,19,0
1995_52,11,0,1
1996_0,0,20,0
1996_1,5,2,2
1996_2,18,0,0
1996_3,4,5,3
1996_4,1,9,0
1996_5,10,4,1
1996_6,16,0,0
1996_7,0,1,4
1996_8,13,1,0
1996_9,14,1,0
1996_10,19,6,0
1996_11,4,10,6
1996_12,14,0,0
1996_13,1,7,1
1996_14,13,1,2
1996_15,2,3,0
1996_16,6,3,0
1996_17,11,0,0
1996_18,1,0,1
1996_19,21,0,0
1996_20,0,12,1
1996_21,8,4,1
1996_22,2,2,2
1996_23,15,8,2
1996_24,2,3,0
1996_25,0,2,1
1996_26,7,0,0
1996_27,1,4,3
1996_28,11,0,0
1996_29,3,0,3
1996_30,7,3,3
1996_32,27,0,2
1996_33,13,0,0
1996_34,9,0,2
1996_35,2,0,0
1996_36,7,9,1
1996_37,17,0,1
1996_38,4,0,1
1996_39,5,1,1
1996_40,16,0,0
1996_41,2,11,0
1996_42,3,2,0
1996_43,2,0,1
1996_44,3,1,1
1996_45,1,12,0
1996_46,13,0,1
1996_47,1,1,1
1996_48,13,0,0
1996_49,8,11,1
1996_50,19,1,2
1996_51,1,0,4
1996_52,0,0,1
1997_0,9,0,1
1997_1,2,0,1
1997_2,9,1,0
1997_3,19,12,2
1997_4,1,0,0
1997_5,7,0,1
1997_6,10,11,3
1997_7,7,0,1
1997_8,6,0,0
1997_9,35,3,5
1997_10,21,0,0
1997_11,7,15,0
1997_12,17,1,0
1997_13,2,2,0
1997_14,6,0,0
1997_15,6,0,0
1997_16,3,0,0
1997_17,7,6,1
1997_18,13,0,1
1997_19,2,0,1
1997_20,12,9,1
1997_21,9,0,0
1997_22,24,0,4
1997_23,3,0,0
1997_24,10,12,3
1997_25,7,3,0
1997_26,10,0,1
1997_27,8,0,0
1997_28,3,7,1
1997_29,7,0,1
1997_30,13,1,2
1997_31,4,2,2
1997_32,5,0,4
1997_33,10,15,2
1997_34,40,1,1
1997_35,17,1,2
1997_36,3,0,0
1997_37,10,1,0
1997_38,9,12,2
1997_39,6,2,0
1997_40,15,3,1
1997_41,20,1,1
1997_42,12,1,0
1997_43,23,0,1
1997_44,8,9,2
1997_45,6,11,1
1997_46,11,2,0
1997_47,40,0,2
1997_48,2,0,1
1997_49,2,18,5
1997_50,50,1,0
1997_51,5,0,0
1997_52,5,0,0
1998_0,2,1,1
1998_1,61,0,2
1998_2,13,17,2
1998_3,22,11,2
1998_4,28,5,5
1998_5,15,5,2
1998_6,14,4,1
1998_7,7,1,3
1998_8,8,2,2
1998_9,10,0,1
1998_10,51,4,1
1998_11,32,11,1
1998_12,11,0,0
1998_13,26,1,5
1998_14,18,1,0
1998_15,11,3,1
1998_16,15,11,4
1998_17,2,2,3
1998_18,19,2,4
1998_19,29,3,1
1998_20,6,3,4
1998_21,14,1,3
1998_22,5,0,0
1998_23,6,10,0
1998_24,6,4,1
1998_25,16,5,2
1998_26,23,2,3
1998_27,26,0,1
1998_28,7,7,0
1998_29,28,4,2
1998_30,25,12,2
1998_31,11,5,0
1998_32,16,9,0
1998_33,20,7,3
1998_34,26,17,0
1998_35,26,2,0
1998_36,10,1,1
1998_37,10,6,3
1998_38,2,0,0
1998_39,6,2,0
1998_40,4,9,0
1998_41,12,0,1
1998_42,90,7,3
1998_43,17,4,1
1998_44,8,0,3
1998_45,25,11,0
1998_46,19,0,0
1998_47,26,11,0
1998_48,19,31,0
1998_49,10,7,0
1998_50,115,6,5
1998_51,68,2,1
1998_52,3,1,0
1999_0,1,0,7
1999_1,34,5,3
1999_2,58,2,1
1999_3,12,3,0
1999_4,9,6,2
1999_5,14,2,4
1999_6,31,22,1
1999_7,23,16,3
1999_8,17,0,5
1999_9,27,6,1
1999_10,23,9,0
1999_11,30,0,1
1999_12,14,0,0
1999_13,29,6,4
1999_14,9,6,0
1999_15,46,6,0
1999_16,28,2,0
1999_17,15,3,1
1999_18,24,1,1
1999_19,25,7,4
1999_20,22,7,0
1999_21,36,4,0
1999_22,24,5,0
1999_23,14,9,1
1999_24,29,11,2
1999_25,31,11,5
1999_26,27,7,1
1999_27,28,6,3
1999_28,22,10,3
1999_29,16,4,0
1999_30,23,18,0
1999_31,19,8,0
1999_32,18,6,0
1999_33,16,7,0
1999_34,20,7,2
1999_35,15,12,0
1999_36,18,2,2
1999_37,16,2,2
1999_38,9,3,0
1999_39,16,8,1
1999_40,7,8,3
1999_41,18,3,0
1999_42,17,5,0
1999_43,13,10,1
1999_44,20,12,2
1999_45,11,4,0
1999_46,20,9,0
1999_47,14,5,2
1999_48,29,6,3
1999_49,44,11,2
1999_50,53,9,1
1999_51,62,7,10
1999_52,22,5,2
2000_1,27,3,1
2000_2,48,9,0
2000_3,49,3,4
2000_4,41,16,2
2000_5,55,14,2
2000_6,23,7,1
2000_7,37,4,0
2000_8,14,4,11
2000_9,32,6,3
2000_10,35,12,5
2000_11,10,4,3
2000_12,17,2,1
2000_13,36,12,0
2000_14,21,7,2
2000_15,24,22,3
2000_16,12,1,5
2000_17,30,7,5
2000_18,27,16,2
2000_19,19,1,1
2000_20,16,14,1
2000_21,33,3,3
2000_22,23,5,1
2000_23,48,17,0
2000_24,22,8,2
2000_25,23,9,1
2000_26,22,9,1
2000_27,48,11,1
2000_28,16,4,5
2000_29,36,6,0
2000_30,6,4,0
2000_31,29,6,2
2000_32,26,4,2
2000_33,28,5,1
2000_34,24,5,3
2000_35,28,5,2
2000_36,23,4,0
2000_37,27,4,0
2000_38,8,4,1
2000_39,4,2,1
2000_40,68,14,3
2000_41,20,6,2
2000_42,16,3,4
2000_43,19,5,2
2000_44,25,6,2
2000_45,15,3,1
2000_46,34,5,2
2000_47,17,3,0
2000_48,39,7,0
2000_49,19,6,6
2000_50,30,6,3
2000_51,23,6,0
2000_52,13,0,1
2001_0,12,9,0
2001_1,18,6,1
2001_2,27,7,1
2001_3,33,2,2
2001_4,24,5,1
2001_5,21,12,3
2001_6,6,1,4
2001_7,21,3,1
2001_8,16,5,3
2001_9,26,1,1
2001_10,12,3,2
2001_11,22,4,0
2001_12,28,0,0
2001_13,16,4,5
2001_14,25,5,2
2001_15,14,8,2
2001_16,15,6,0
2001_17,23,4,2
2001_18,12,5,2
2001_19,16,5,0
2001_20,24,9,1
2001_21,15,4,1
2001_22,28,11,2
2001_23,16,3,2
2001_24,33,9,0
2001_25,13,7,1
2001_26,13,6,2
2001_27,19,6,2
2001_28,47,13,1
2001_29,13,9,1
2001_30,34,11,0
2001_31,41,11,0
2001_32,20,8,5
2001_33,36,10,1
2001_34,22,7,3
2001_35,21,6,3
2001_36,18,4,2
2001_37,28,6,0
2001_38,41,19,1
2001_39,12,8,0
2001_40,16,6,0
2001_41,9,6,1
2001_42,42,9,3
2001_43,44,6,1
2001_44,43,16,1
2001_45,65,10,1
2001_46,140,20,2
2001_47,39,7,2
2001_48,149,12,11
2001_49,67,22,0
2001_50,79,9,1
2001_51,142,23,1
2001_52,12,0,0
2002_0,1,3,0
2002_1,48,18,3
2002_2,97,16,4
2002_3,48,7,1
2002_4,62,14,0
2002_5,32,12,4
2002_6,41,11,11
2002_7,34,0,0
2002_8,72,14,5
2002_9,37,12,2
2002_10,67,8,1
2002_11,34,6,0
2002_12,24,7,1
2002_13,64,9,3
2002_14,30,8,2
2002_15,67,5,3
2002_16,44,12,1
2002_17,34,9,2
2002_18,43,15,1
2002_19,71,6,5
2002_20,29,17,0
2002_21,23,3,0
2002_22,50,17,1
2002_23,37,7,0
2002_24,45,10,1
2002_25,18,5,0
2002_26,62,11,2
2002_27,24,5,2
2002_28,30,13,0
2002_29,44,9,3
2002_30,17,18,3
2002_31,65,21,3
2002_32,2,7,2
2002_33,37,48,1
2002_34,58,6,1
2002_35,28,10,1
2002_36,26,13,0
2002_37,42,12,3
2002_38,11,2,0
2002_39,75,9,6
2002_40,25,4,0
2002_41,24,3,0
2002_42,14,17,4
2002_43,61,9,3
2002_44,77,12,1
2002_45,54,6,8
2002_46,61,22,3
2002_47,26,3,1
2002_48,83,29,3
2002_49,80,10,5
2002_50,71,21,4
2002_51,74,4,0
2002_52,8,4,1
2003_0,46,15,0
2003_1,22,14,3
2003_2,52,8,1
2003_3,18,6,1
2003_4,81,13,7
2003_5,44,11,1
2003_6,33,4,1
2003_7,32,9,1
2003_8,29,11,0
2003_9,24,2,1
2003_10,32,9,8
2003_11,41,8,1
2003_12,26,3,0
2003_13,23,11,1
2003_14,48,4,0
2003_15,50,8,2
2003_16,11,1,0
2003_17,10,4,0
2003_18,22,8,0
2003_19,15,6,0
2003_20,32,11,0
2003_21,23,9,1
2003_22,17,2,0
2003_23,33,9,2
2003_24,18,3,0
2003_25,31,11,2
2003_26,34,6,0
2003_27,28,8,1
2003_28,40,11,1
2003_29,36,14,2
2003_30,59,12,1
2003_31,28,13,2
2003_32,63,15,6
2003_33,36,29,2
2003_34,52,15,4
2003_35,17,2,1
2003_36,47,7,3
2003_37,42,14,4
2003_38,33,5,5
2003_39,47,6,1
2003_40,23,2,2
2003_41,23,6,1
2003_42,52,5,5
2003_43,96,12,5
2003_44,23,4,2
2003_45,49,7,0
2003_46,36,10,3
2003_47,34,4,3
2003_48,63,14,3
2003_49,74,4,2
2003_50,65,11,3
2003_51,31,7,0
2003_52,64,2,4
2004_0,3,0,0
2004_1,41,2,1
2004_2,47,11,3
2004_3,71,17,3
2004_4,67,19,1
2004_5,65,6,3
2004_6,89,16,6
2004_7,56,14,1
2004_8,61,12,1
2004_9,69,7,0
2004_10,51,11,1
2004_11,39,12,1
2004_12,21,7,0
2004_13,34,11,2
2004_14,28,5,3
2004_15,60,4,3
2004_16,19,6,1
2004_17,41,4,0
2004_18,29,6,1
2004_19,43,16,6
2004_20,32,7,3
2004_21,56,6,5
2004_22,28,13,5
2004_23,61,5,4
2004_24,54,9,4
2004_25,31,23,5
2004_26,61,15,7
2004_27,44,11,2
2004_28,47,17,4
2004_29,60,23,3
2004_30,62,33,2
2004_31,57,21,4
2004_32,43,15,0
2004_33,83,8,6
2004_34,60,6,3
2004_35,48,8,3
2004_36,35,13,1
2004_37,85,21,1
2004_38,72,15,2
2004_39,59,14,4
2004_40,50,17,4
2004_41,60,18,3
2004_42,61,11,5
2004_43,42,13,3
2004_44,57,11,2
2004_45,68,23,4
2004_46,62,17,4
2004_47,37,7,2
2004_48,57,24,5
2004_49,56,14,2
2004_50,28,6,3
2004_51,61,16,5
2004_52,54,16,5
2005_1,38,6,2
2005_2,28,14,2
2005_3,28,17,5
2005_4,37,9,2
2005_5,38,17,4
2005_6,39,8,3
2005_7,26,17,2
2005_8,18,4,3
2005_9,31,15,2
2005_10,19,3,0
2005_11,18,10,3
2005_12,14,12,3
2005_13,21,6,3
2005_14,30,9,0
2005_15,24,8,0
2005_16,31,8,1
2005_17,46,14,4
2005_18,33,6,0
2005_19,53,15,2
2005_20,25,7,1
2005_21,53,6,1
2005_22,28,10,2
2005_23,34,11,0
2005_24,33,23,2
2005_25,21,13,4
2005_26,45,16,0
2005_27,29,9,2
2005_28,36,14,2
2005_29,45,18,2
2005_30,30,8,2
2005_31,65,28,2
2005_32,52,26,6
2005_33,37,20,2
2005_34,30,15,5
2005_35,48,34,6
2005_36,20,10,1
2005_37,44,20,1
2005_38,35,12,4
2005_39,47,13,3
2005_40,33,26,1
2005_41,38,3,2
2005_42,81,15,5
2005_43,77,13,2
2005_44,70,30,2
2005_45,52,11,3
2005_46,102,20,4
2005_47,99,18,5
2005_48,84,11,7
2005_49,124,22,12
2005_50,95,25,8
2005_51,174,34,13
2005_52,103,11,4
2006_1,24,3,0
2006_2,22,2,5
2006_3,19,4,1
2006_4,132,46,10
2006_5,111,11,2
2006_6,108,27,7
2006_7,71,18,4
2006_8,97,26,12
2006_9,135,15,6
2006_10,127,35,9
2006_11,75,7,3
2006_12,95,10,3
2006_13,145,25,7
2006_14,74,20,3
2006_15,89,14,7
2006_16,103,14,6
2006_17,137,28,7
2006_18,62,32,4
2006_19,51,9,2
2006_20,70,11,4
2006_21,101,24,3
2006_22,46,19,0
2006_23,108,21,4
2006_24,99,21,5
2006_25,41,30,4
2006_26,57,9,1
2006_27,86,11,5
2006_28,78,19,1
2006_29,108,34,8
2006_30,68,39,6
2006_31,92,28,2
2006_32,48,17,5
2006_33,102,23,7
2006_34,58,13,4
2006_35,71,15,1
2006_36,29,11,0
2006_37,47,11,2
2006_38,62,9,2
2006_39,37,13,6
2006_40,62,13,5
2006_41,22,5,2
2006_42,44,8,3
2006_43,63,9,1
2006_44,67,9,5
2006_45,72,7,2
2006_46,76,15,6
2006_47,53,21,3
2006_48,69,14,0
2006_49,108,15,3
2006_50,145,20,10
2006_51,84,20,8
2006_52,259,17,9
2007_0,25,10,5
2007_1,93,14,9
2007_2,77,11,5
2007_3,107,25,10
2007_4,54,9,3
2007_5,86,8,6
2007_6,42,13,8
2007_7,77,16,9
2007_8,90,17,2
2007_9,61,14,5
2007_10,73,9,8
2007_11,58,10,8
2007_12,72,14,3
2007_13,55,12,3
2007_14,84,13,12
2007_15,82,15,5
2007_16,59,14,6
2007_17,47,12,5
2007_18,65,11,3
2007_19,62,23,0
2007_20,37,20,4
2007_21,56,12,6
2007_22,49,12,8
2007_23,76,9,5
2007_24,44,23,3
2007_25,50,15,5
2007_26,84,20,4
2007_27,55,23,1
2007_28,35,8,2
2007_29,99,36,0
2007_30,55,18,5
2007_31,57,16,6
2007_32,52,15,1
2007_33,63,23,7
2007_34,78,20,2
2007_35,38,2,3
2007_36,48,19,5
2007_37,73,19,3
2007_38,49,8,2
2007_39,31,11,2
2007_40,56,18,3
2007_41,24,8,2
2007_42,105,16,6
2007_43,71,23,7
2007_44,74,26,8
2007_45,72,24,6
2007_46,68,33,6
2007_47,108,20,7
2007_48,116,42,6
2007_49,87,28,8
2007_50,100,48,5
2007_51,71,16,1
2007_52,5,3,1
2008_0,56,21,1
2008_1,96,25,6
2008_2,51,20,2
2008_3,75,20,7
2008_4,31,11,3
2008_5,38,19,4
2008_6,45,19,5
2008_7,135,14,8
2008_8,79,14,8
2008_9,48,10,3
2008_10,62,13,7
2008_11,71,8,4
2008_12,34,4,0
2008_13,71,16,7
2008_14,65,14,4
2008_15,54,8,9
2008_16,54,8,3
2008_17,58,20,6
2008_18,60,11,4
2008_19,72,10,3
2008_20,75,9,5
2008_21,74,8,7
2008_22,44,9,2
2008_23,79,26,4
2008_24,60,17,1
2008_25,33,5,3
2008_26,51,14,8
2008_27,59,11,0
2008_28,45,15,7
2008_29,61,19,6
2008_30,62,17,8
2008_31,34,8,6
2008_32,74,17,5
2008_33,48,11,4
2008_34,51,13,2
2008_35,52,16,4
2008_36,44,10,9
2008_37,64,10,3
2008_38,58,16,7
2008_39,71,36,1
2008_40,51,10,3
2008_41,43,9,2
2008_42,48,16,4
2008_43,72,15,4
2008_44,77,13,5
2008_45,60,5,3
2008_46,94,32,4
2008_47,121,16,7
2008_48,94,28,7
2008_49,120,22,5
2008_50,157,35,9
2008_51,69,12,9
2008_52,106,25,4
2009_0,14,3,2
2009_1,104,8,6
2009_2,99,10,8
2009_3,156,26,7
2009_4,51,16,3
2009_5,64,11,7
2009_6,52,15,6
2009_7,67,9,8
2009_8,63,18,1
2009_9,64,6,3
2009_10,68,14,6
2009_11,77,10,6
2009_12,59,17,7
2009_13,45,14,6
2009_14,74,8,4
2009_15,75,15,5
2009_16,79,20,4
2009_17,45,11,3
2009_18,99,12,9
2009_19,97,21,11
2009_20,82,18,4
2009_21,71,14,6
2009_22,203,29,13
2009_23,227,39,14
2009_24,294,48,14
2009_25,177,28,8
2009_26,144,29,11
2009_27,230,47,17
2009_28,229,42,12
2009_29,181,27,14
2009_30,222,38,12
2009_31,142,25,10
2009_32,235,36,14
2009_33,215,27,9
2009_34,197,32,14
2009_35,176,21,10
2009_36,161,30,9
2009_37,251,42,12
2009_38,206,35,13
2009_39,173,27,7
2009_40,235,30,12
2009_41,186,32,7
2009_42,205,32,18
2009_43,207,28,5
2009_44,223,23,10
2009_45,282,46,21
2009_46,291,48,19
2009_47,135,15,8
2009_48,380,58,18
2009_49,192,30,15
2009_50,190,32,16
2009_51,188,38,14
2009_52,105,12,12
2010_0,5,1,1
2010_1,157,24,5
2010_2,233,31,22
2010_3,102,14,5
2010_4,239,40,9
2010_5,160,23,9
2010_6,173,23,8
2010_7,178,29,17
2010_8,135,20,7
2010_9,195,25,12
2010_10,165,27,9
2010_11,129,17,9
2010_12,122,16,4
2010_13,133,17,7
2010_14,119,9,5
2010_15,160,24,7
2010_16,130,11,13
2010_17,135,23,8
2010_18,165,10,10
2010_19,204,27,13
2010_20,146,26,6
2010_21,145,28,7
2010_22,112,30,9
2010_23,163,26,4
2010_24,165,22,9
2010_25,134,33,5
2010_26,177,26,16
2010_27,102,18,7
2010_28,164,23,14
2010_29,183,30,10
2010_30,178,32,13
2010_31,184,38,10
2010_32,188,18,13
2010_33,133,22,6
2010_34,184,44,10
2010_35,189,28,11
2010_36,131,21,7
2010_37,135,23,11
2010_38,239,36,6
2010_39,192,25,19
2010_40,224,19,17
2010_41,204,42,12
2010_42,218,27,8
2010_43,195,35,16
2010_44,190,37,16
2010_45,131,26,6
2010_46,358,63,17
2010_47,150,28,9
2010_48,367,40,18
2010_49,332,45,15
2010_50,269,29,16
2010_51,261,42,22
2010_52,278,38,19
2011_0,1,0,0
2011_1,248,39,19
2011_2,207,43,11
2011_3,325,57,23
2011_4,332,36,16
2011_5,249,27,17
2011_6,239,24,17
2011_7,220,32,12
2011_8,339,29,25
2011_9,248,26,16
2011_10,257,30,12
2011_11,202,45,21
2011_12,214,33,12
2011_13,367,30,17
2011_14,273,35,12
2011_15,206,24,15
2011_16,236,36,20
2011_17,291,43,29
2011_18,270,39,19
2011_19,222,30,13
2011_20,292,38,19
2011_21,258,35,17
2011_22,211,28,11
2011_23,245,26,15
2011_24,252,36,19
2011_25,252,40,17
2011_26,229,32,15
2011_27,235,31,11
2011_28,368,52,21
2011_29,290,41,10
2011_30,210,22,23
2011_31,294,36,23
2011_32,301,27,9
2011_33,261,39,21
2011_34,224,25,15
2011_35,229,26,10
2011_36,266,25,14
2011_37,202,26,8
2011_38,179,21,8
2011_39,278,25,14
2011_40,239,23,17
2011_41,211,17,10
2011_42,199,30,15
2011_43,253,25,19
2011_44,285,41,16
2011_45,247,33,13
2011_46,355,41,16
2011_47,254,34,14
2011_48,267,20,14
2011_49,310,31,18
2011_50,274,30,17
2011_51,210,23,6
2011_52,279,28,19
2012_1,225,30,16
2012_2,273,33,17
2012_3,190,20,10
2012_4,248,24,10
2012_5,221,31,19
2012_6,114,18,10
2012_7,327,49,24
2012_8,201,41,15
2012_9,209,24,21
2012_10,249,29,22
2012_11,164,25,13
2012_12,267,54,11
2012_13,309,40,22
2012_14,378,54,26
2012_15,262,22,19
2012_16,233,35,15
2012_17,324,33,19
2012_18,212,38,20
2012_19,304,37,14
2012_20,162,22,12
2012_21,308,32,16
2012_22,183,28,17
2012_23,190,36,10
2012_24,318,43,24
2012_25,221,30,28
2012_26,240,42,15
2012_27,202,29,18
2012_28,223,38,16
2012_29,228,37,23
2012_30,177,27,24
2012_31,142,25,15
2012_32,137,30,13
2012_33,129,17,12
2012_34,122,23,5
2012_35,125,22,12
2012_36,99,23,6
2012_37,115,32,10
2012_38,112,20,8
2012_39,132,20,3
2012_40,137,30,11
2012_41,141,19,15
2012_42,132,27,8
2012_43,161,22,13
2012_44,185,29,18
2012_45,172,30,15
2012_46,161,25,8
2012_47,166,26,13
2012_48,119,32,16
2012_49,127,31,15
2012_50,137,31,13
2012_51,122,27,13
2012_52,81,13,6
2012_53,30,2,2
2013_0,57,9,5
2013_1,94,30,11
2013_2,145,32,19
2013_3,131,31,7
2013_4,111,34,5
2013_5,98,16,12
2013_6,87,27,11
2013_7,99,8,14
2013_8,42,16,4
2013_9,51,15,2
2013_10,54,7,6
2013_11,42,9,3
2013_12,40,5,4
2013_13,65,8,5
2013_14,53,17,3
2013_15,61,13,3
2013_16,69,18,4
2013_17,50,13,7
2013_18,66,17,6
2013_19,75,17,11
2013_20,55,21,6
2013_21,62,6,7
2013_22,71,13,7
2013_23,65,20,11
2013_24,57,35,7
2013_25,84,21,6
2013_26,69,15,8
2013_27,64,20,7
2013_28,51,26,4
2013_29,66,21,3
2013_30,112,13,16
2013_31,89,13,7
2013_32,67,17,5
2013_33,58,20,7
2013_34,70,20,12
2013_35,66,20,7
2013_36,79,13,8
2013_37,65,15,5
2013_38,78,24,6
2013_39,65,18,5
2013_40,66,15,4
2013_41,65,12,8
2013_42,92,17,8
2013_43,71,25,8
2013_44,105,42,8
2013_45,121,15,6
2013_46,145,28,10
2013_47,86,23,13
2013_48,145,31,15
2013_49,109,21,9
2013_50,138,36,21
2013_51,59,12,5
2013_52,29,13,8
2014_0,38,15,9
2014_1,86,47,14
2014_2,97,16,7
2014_3,93,19,8
2014_4,97,23,6
2014_5,120,22,10
2014_6,92,18,5
2014_7,120,26,12
2014_8,100,21,9
2014_9,118,22,11
2014_10,92,17,11
2014_11,100,10,16
2014_12,91,21,12
2014_13,97,21,13
2014_14,81,12,9
2014_15,71,14,8
2014_16,98,13,14
2014_17,81,24,9
2014_18,111,28,5
2014_19,117,27,17
2014_20,101,12,17
2014_21,79,18,11
2014_22,91,18,13
2014_23,90,20,10
2014_24,89,9,12
2014_25,57,30,7
2014_26,63,16,4
2014_27,55,10,7
2014_28,49,12,4
2014_29,43,12,5
2014_30,46,8,5
2014_31,43,17,14
2014_32,26,12,9
2014_33,86,17,11
2014_34,56,12,4
2014_35,48,12,5
2014_36,62,12,10
2014_37,64,11,5
2014_38,71,14,7
2014_39,50,18,2
2014_40,50,14,6
2014_41,39,17,6
2014_42,63,9,2
2014_43,46,17,6
2014_44,50,9,8
2014_45,54,18,7
2014_46,50,14,10
2014_47,46,13,2
2014_48,72,16,14
2014_49,88,11,7
2014_50,87,13,6
2014_51,39,7,3
2014_52,47,9,8
2015_0,8,4,1
2015_1,57,20,2
2015_2,58,18,7
2015_3,51,32,9
2015_4,61,18,14
2015_5,68,20,6
2015_6,61,14,10
2015_7,74,17,9
2015_8,65,20,6
2015_9,73,11,11
2015_10,58,16,9
2015_11,65,15,5
2015_12,74,17,7
2015_13,73,6,5
2015_14,51,12,10
2015_15,82,25,9
2015_16,106,15,11
2015_17,106,16,16
2015_18,97,26,18
2015_19,71,17,10
2015_20,113,22,15
2015_21,88,22,3
2015_22,89,22,13
2015_23,68,35,8
2015_24,93,25,15
2015_25,88,26,9
2015_26,94,33,13
2015_27,106,26,8
2015_28,112,29,11
2015_29,126,29,17
2015_30,126,23,18
2015_31,100,16,15
2015_32,149,33,17
2015_33,97,22,16
2015_34,147,24,14
2015_35,140,38,14
2015_36,145,27,15
2015_37,164,29,23
2015_38,185,42,19
2015_39,140,38,12
2015_40,126,25,15
2015_41,140,15,22
2015_42,124,28,11
2015_43,120,27,22
2015_44,129,28,19
2015_45,135,28,14
2015_46,118,34,14
2015_47,101,15,16
2015_48,219,27,26
2015_49,149,22,24
2015_50,105,22,9
2015_51,77,19,9
2015_52,55,7,6
2016_0,20,8,0
2016_1,85,16,9
2016_2,97,17,10
2016_3,94,22,12
2016_4,110,16,14
2016_5,103,14,10
2016_6,73,18,14
2016_7,70,16,6
2016_8,97,13,11
2016_9,89,24,11
2016_10,97,12,9
2016_11,87,20,6
2016_12,91,19,10
2016_13,102,18,10
2016_14,81,19,14
2016_15,79,11,9
2016_16,93,19,15
2016_17,84,13,12
2016_18,70,24,15
2016_19,72,16,5
2016_20,84,24,10
2016_21,76,12,7
2016_22,58,15,3
2016_23,89,17,7
2016_24,65,12,8
2016_25,80,22,5
2016_26,87,21,7
2016_27,67,11,5
2016_28,65,15,12
2016_29,77,20,13
2016_30,79,22,13
2016_31,79,18,14
2016_32,97,11,6
2016_33,86,10,6
2016_34,91,11,5
2016_35,52,11,13
2016_36,64,22,7
2016_37,63,14,7
2016_38,68,19,5
2016_39,71,9,5
2016_40,90,17,5
2016_41,85,11,9
2016_42,94,21,15
2016_43,102,12,4
2016_44,113,17,10
2016_45,98,10,16
2016_46,101,31,15
2016_47,68,14,9
2016_48,109,27,8
2016_49,98,31,11
2016_50,88,17,9
2016_51,84,23,15
2016_52,90,21,10
2017_1,73,19,8
2017_2,81,17,5
2017_3,110,18,16
2017_4,87,21,16
2017_5,69,13,6
2017_6,73,18,9
2017_7,78,20,5
2017_8,75,16,6
2017_9,55,9,8
2017_10,68,18,5
2017_11,62,11,15
2017_12,53,22,9
2017_13,51,19,8
2017_14,66,19,8
2017_15,54,16,9
2017_16,86,19,7
2017_17,68,17,9
2017_18,96,30,9
2017_19,76,14,9
2017_20,66,16,4
2017_21,64,13,11
2017_22,52,15,12
2017_23,62,9,3
2017_24,75,18,10
2017_25,72,14,7
2017_26,79,17,9
2017_27,61,13,7
2017_28,65,28,6
2017_29,91,20,12
2017_30,96,29,8
2017_31,92,32,9
2017_32,90,16,8
2017_33,81,24,12
2017_34,78,12,11
2017_35,74,10,12
2017_36,70,12,8
2017_37,75,11,3
2017_38,101,23,7
2017_39,70,8,8
2017_40,87,19,6
2017_41,76,13,5
2017_42,111,21,16
2017_43,109,18,11
2017_44,161,19,12
2017_45,147,28,7
2017_46,151,30,10
2017_47,143,25,14
2017_48,237,41,25
2017_49,210,28,19
2017_50,225,34,20
2017_51,199,34,19
2017_52,181,36,20
2017_53,1,0,0
2018_0,181,27,17
2018_1,161,22,17
2018_2,170,24,16
2018_3,155,15,13
2018_4,140,19,16
2018_5,119,14,10
2018_6,97,21,7
2018_7,99,20,7
2018_8,124,30,9
2018_9,109,27,14
2018_10,99,15,6
2018_11,100,9,10
2018_12,83,16,7
2018_13,86,10,11
2018_14,91,14,13
2018_15,94,15,13
2018_16,100,14,6
2018_17,107,18,7
2018_18,95,13,8
2018_19,96,18,10
2018_20,145,24,17
2018_21,102,18,20
2018_22,102,25,8
2018_23,97,23,8
2018_24,93,24,10
2018_25,117,24,12
2018_26,97,19,6
2018_27,110,25,12
2018_28,110,14,22
2018_29,117,23,12
2018_30,112,33,7
2018_31,104,21,9
2018_32,124,21,5
2018_33,84,18,11
2018_34,102,16,10
2018_35,80,14,7
2018_36,84,21,8
2018_37,87,21,10
2018_38,95,15,4
2018_39,90,18,9
2018_40,98,17,10
2018_41,94,9,14
2018_42,120,21,14
2018_43,100,19,15
2018_44,84,24,6
2018_45,39,8,2
2018_46,93,17,10
2018_47,91,21,16
2018_48,112,29,14
2018_49,111,11,16
2018_50,111,14,14
2018_51,83,10,14
2018_52,17,3,3
2019_0,62,10,7
2019_1,123,23,15
2019_2,119,17,12
2019_3,121,18,13
2019_4,198,17,14
2019_5,119,16,11
2019_6,28,13,2
2019_7,181,52,22
2019_8,121,27,17
2019_9,120,27,13
2019_10,148,33,20
2019_11,123,30,20
2019_12,138,31,10
2019_13,114,25,14
2019_14,108,30,12
2019_15,142,28,11
2019_16,107,26,14
2019_17,126,26,18
2019_18,161,32,20
2019_19,147,33,22
2019_20,105,28,15
2019_21,98,17,8
2019_22,117,20,17
2019_23,126,26,17
2019_24,137,32,14
2019_25,129,33,20
2019_26,133,24,24
2019_27,119,24,19
2019_28,181,32,16
2019_29,173,42,25
2019_30,121,30,13
2019_31,143,43,16
2019_32,156,27,17
2019_33,123,35,13
2019_34,198,29,23
2019_35,97,24,17
2019_36,151,29,12
2019_37,129,20,12
2019_38,136,17,21
2019_39,142,34,19
2019_40,146,27,14
2019_41,136,28,18
2019_42,140,25,22
2019_43,157,27,22
2019_44,146,22,23
2019_45,196,27,25
2019_46,233,29,38
2019_47,167,28,28
2019_48,192,36,28
2019_49,200,33,37
2019_50,192,41,26
2019_51,149,24,21
2019_52,44,9,8
2020_0,57,8,17
2020_1,136,21,21
2020_2,168,25,17
2020_3,139,26,16
2020_4,203,22,19
2020_5,144,23,23
2020_6,146,16,19
2020_7,136,35,14
2020_8,137,28,19
2020_9,156,21,14
2020_10,125,30,10
2020_11,114,28,10
2020_12,89,10,5
2020_13,57,12,4
2020_14,63,27,5
2020_15,68,20,14
2020_16,77,24,10
2020_17,63,16,14
2020_18,102,18,16
2020_19,94,21,16
2020_20,116,27,20
2020_21,75,24,15
2020_22,107,34,10
2020_23,108,27,17
2020_24,127,22,18
2020_25,128,33,24
2020_26,99,19,15
2020_27,103,33,21
2020_28,121,37,21
2020_29,121,28,23
2020_30,138,23,15
2020_31,146,42,24
2020_32,152,27,17
2020_33,117,26,18
2020_34,202,45,27
2020_35,276,53,34
2020_36,190,28,28
2020_37,159,28,25
2020_38,209,32,25
2020_39,185,42,30
2020_40,187,30,26
2020_41,197,19,24
2020_42,203,27,32
2020_43,207,30,19
2020_44,216,35,26
2020_45,243,31,37
2020_46,277,45,25
2020_47,237,34,23
2020_48,264,50,36
2020_49,269,44,35
2020_50,297,40,40
2020_51,168,27,19
2020_52,127,16,24
2021_0,129,15,22
2021_1,216,26,25
2021_2,237,30,30
2021_3,251,33,36
2021_4,216,34,18
2021_5,216,39,30
2021_6,224,37,20
2021_7,172,32,21
2021_8,207,34,29
2021_9,209,35,22
2021_10,204,31,30
2021_11,187,36,19
2021_12,181,37,28
2021_13,166,25,19
2021_14,158,21,23
2021_15,135,23,19
2021_16,172,18,15
2021_17,135,15,14
2021_18,128,22,17
2021_19,151,28,22
2021_20,149,30,9
2021_21,151,21,13
2021_22,110,18,14
2021_23,155,24,12
2021_24,153,25,11
2021_25,135,25,13
2021_26,132,27,18
2021_27,122,24,14
2021_28,139,27,24
2021_29,152,24,19
2021_30,108,29,6
2021_31,124,20,13
2021_32,147,24,14
2021_33,149,19,20
2021_34,126,17,13
2021_35,131,12,10
2021_36,101,19,11
2021_37,113,18,12
2021_38,125,16,13
2021_39,127,23,21
2021_40,147,22,11
2021_41,143,18,10
2021_42,123,17,13
2021_43,165,25,20
2021_44,145,20,17
2021_45,164,18,16
2021_46,210,17,17
2021_47,164,23,14
2021_48,209,35,30
2021_49,240,39,35
2021_50,229,28,39
2021_51,170,27,25
2021_52,153,12,23
2022_0,22,5,5
2022_1,197,32,23
2022_2,168,27,27
2022_3,175,16,19
2022_4,151,21,22
2022_5,123,22,16
2022_6,139,15,19
2022_7,130,13,16
2022_8,142,10,20
2022_9,140,24,19
2022_10,87,15,17
2022_11,116,23,12
2022_12,106,17,13
2022_13,117,22,14
2022_14,147,10,22
2022_15,125,15,19
2022_16,132,16,10
2022_17,174,23,17
2022_18,153,26,17
2022_19,157,28,22
2022_20,173,33,20
2022_21,162,30,21
2022_22,119,15,17
2022_23,160,27,21
2022_24,151,27,18
2022_25,146,19,15
2022_26,151,24,10
2022_27,133,26,16
2022_28,252,49,28
2022_29,222,43,27
2022_30,145,25,19
2022_31,101,19,11
2022_32,152,24,11
2022_33,109,20,16
2022_34,96,22,11
2022_35,138,22,9
2022_36,90,20,14
2022_37,107,23,16
2022_38,96,23,12
2022_39,110,16,8
2022_40,98,18,11
2022_41,78,22,13
2022_42,103,28,9
2022_43,102,13,14
2022_44,130,19,11
2022_45,99,14,10
2022_46,132,17,21
2022_47,116,23,13
2022_48,129,17,16
2022_49,118,26,9
2022_50,150,19,17
2022_51,145,28,19
2022_52,86,12,14
2023_1,98,17,14
2023_2,75,19,10
2023_3,145,34,17
2023_4,137,16,17
2023_5,102,25,5
2023_6,110,22,13
2023_7,104,26,10
2023_8,112,19,11
2023_9,121,21,18
2023_10,114,13,17
2023_11,145,28,22
2023_12,99,23,13
2023_13,127,13,5
2023_14,117,17,10
2023_15,121,17,7
2023_16,123,22,11
2023_17,126,24,17
2023_18,113,21,12
2023_19,116,18,14
2023_20,139,24,12
2023_21,124,21,17
2023_22,117,25,9
2023_23,124,30,15
2023_24,101,22,9
2023_25,101,21,13
2023_26,127,23,19
2023_27,106,27,14
2023_28,117,23,18
2023_29,158,33,27
2023_30,152,18,25
2023_31,164,24,25
2023_32,142,23,25
2023_33,124,25,15
2023_34,184,39,20
2023_35,173,17,27
2023_36,152,23,20
2023_37,164,23,20
2023_38,173,22,18
2023_39,180,33,17
2023_40,158,17,17
2023_41,169,27,19
2023_42,218,23,34
2023_43,200,27,21
2023_44,178,29,26
2023_45,183,33,28
2023_46,250,25,29
2023_47,231,29,28
2023_48,277,41,42
2023_49,308,34,36
2023_50,296,38,34
2023_51,293,42,41
2023_52,205,26,32
