MMWR_Year,MMWR_Week,Daily AQI Value,Daily Mean PM10 Concentration
2006,1,55.114285714285714,67.34285714285714
2006,2,71.14285714285714,96.02857142857144
2006,3,59.34285714285715,75.57142857142857
2006,4,57.314285714285724,71.71428571428571
2006,5,59.199999999999996,75.14285714285714
2006,6,64.57142857142857,84.57142857142856
2006,7,72.91428571428571,100.57142857142858
2006,8,52.171428571428564,63.02857142857143
2006,9,54.31428571428571,65.60000000000001
2006,10,54.97142857142857,71.91428571428573
2006,11,25.914285714285715,28.428571428571427
2006,12,26.0,28.54285714285714
2006,13,27.771428571428572,30.2
2006,14,38.971428571428575,44.028571428571425
2006,15,63.857142857142854,89.62857142857142
2006,16,45.91428571428571,52.371428571428574
2006,17,38.714285714285715,43.285714285714285
2006,18,40.22857142857142,45.17142857142858
2006,19,47.25714285714286,54.771428571428565
2006,20,49.22857142857144,58.99999999999999
2006,21,51.99999999999999,61.94285714285713
2006,22,52.60000000000001,63.057142857142864
2006,23,47.25714285714286,56.685714285714276
2006,24,47.31428571428571,55.60000000000001
2006,25,54.34285714285714,65.45714285714287
2006,26,59.6,75.57142857142858
2006,27,33.599999999999994,37.39999999999999
2006,28,45.800000000000004,53.57142857142857
2006,29,52.95714285714286,63.76428571428572
2006,30,32.528571428571425,36.35714285714286
2006,31,26.37142857142857,28.82857142857143
2006,32,36.08571428571428,40.142857142857146
2006,33,34.31428571428571,37.371428571428574
2006,34,30.142857142857142,34.028571428571425
2006,35,44.65714285714285,49.942857142857136
2006,36,19.54285714285714,21.142857142857142
2006,37,34.971428571428575,39.228571428571435
2006,38,46.82857142857143,54.057142857142864
2006,39,53.457142857142856,64.68571428571428
2006,40,51.31428571428571,61.02142857142858
2006,41,35.871428571428574,39.839999999999996
2006,42,39.25714285714286,44.85714285714287
2006,43,42.08571428571429,48.44285714285714
2006,44,57.59999999999999,70.88571428571429
2006,45,61.028571428571425,77.20000000000002
2006,46,63.34285714285714,81.62857142857142
2006,47,61.45714285714286,77.68571428571428
2006,48,55.82857142857142,69.8
2006,49,60.228571428571435,77.97142857142856
2006,50,68.22857142857143,90.0
2006,51,41.05714285714286,46.62142857142857
2006,52,34.0,38.31428571428571
2007,1,34.97142857142857,39.42857142857143
2007,2,43.31428571428571,51.25714285714286
2007,3,39.05714285714286,44.971428571428575
2007,4,32.97142857142857,37.05714285714286
2007,5,31.857142857142858,34.99285714285714
2007,6,50.714285714285715,60.76428571428571
2007,7,34.34285714285714,37.714285714285715
2007,8,29.599999999999998,32.457142857142856
2007,9,39.08571428571429,44.08571428571429
2007,10,47.34285714285715,54.714285714285715
2007,11,53.74285714285714,64.65714285714286
2007,12,34.371428571428574,39.23571428571429
2007,13,36.6,43.68571428571429
2007,14,44.857142857142854,51.28142857142858
2007,15,50.9,63.57285714285714
2007,16,45.542857142857144,53.47571428571428
2007,17,36.028571428571425,41.26428571428572
2007,18,48.6,59.06999999999999
2007,19,43.97142857142857,50.30857142857143
2007,20,45.199999999999996,51.19
2007,21,47.32857142857143,55.54714285714285
2007,22,42.18571428571429,47.832857142857144
2007,23,60.51428571428572,78.19000000000001
2007,24,47.714285714285715,55.47714285714286
2007,25,47.771428571428565,54.642857142857146
2007,26,48.91428571428571,57.40571428571429
2007,27,56.02857142857143,67.58857142857143
2007,28,46.228571428571435,52.769999999999996
2007,29,60.48571428571428,78.71428571428571
2007,30,30.485714285714288,33.51571428571429
2007,31,27.828571428571426,30.321428571428573
2007,32,36.885714285714286,40.339999999999996
2007,33,51.82857142857143,65.82142857142857
2007,34,48.471428571428575,57.80428571428571
2007,35,40.74285714285715,48.44714285714286
2007,36,40.18571428571429,46.30428571428571
2007,37,46.2,52.642857142857146
2007,38,44.18571428571429,49.75
2007,39,42.857142857142854,48.05428571428571
2007,40,45.457142857142856,51.49714285714286
2007,41,52.71428571428572,62.505714285714284
2007,42,58.72857142857142,73.35571428571428
2007,43,58.67142857142857,74.35714285714286
2007,44,58.028571428571425,71.01714285714286
2007,45,66.87142857142857,87.59
2007,46,63.142857142857146,81.00571428571428
2007,47,55.328571428571436,67.55142857142857
2007,48,46.02857142857143,57.5
2007,49,37.25714285714286,41.74857142857143
2007,50,19.400000000000002,20.979999999999997
2007,51,34.85714285714286,38.42857142857143
2007,52,32.07142857142857,35.18
2008,1,39.24285714285714,43.87428571428571
2008,2,22.014285714285712,23.90285714285714
2008,3,29.0,31.618571428571435
2008,4,28.885714285714283,31.689999999999998
2008,5,20.571428571428573,22.262857142857147
2008,6,25.485714285714288,27.64428571428571
2008,7,31.042857142857144,34.5
2008,8,25.45714285714286,27.620000000000005
2008,9,31.285714285714285,34.31
2008,10,33.971428571428575,38.59428571428571
2008,11,42.15714285714286,48.785714285714285
2008,12,34.94285714285714,38.69
2008,13,43.6,48.35857142857143
2008,14,40.68571428571429,45.285714285714285
2008,15,39.84285714285714,44.57142857142857
2008,16,46.142857142857146,53.525714285714294
2008,17,45.885714285714286,51.0
2008,18,47.114285714285714,54.07142857142857
2008,19,41.6,46.19428571428572
2008,20,42.385714285714286,49.07714285714285
2008,21,43.642857142857146,54.59571428571429
2008,22,28.114285714285717,30.542857142857144
2008,23,54.15714285714286,69.02428571428571
2008,24,46.542857142857144,51.714285714285715
2008,25,46.214285714285715,51.33428571428572
2008,26,46.72857142857142,53.451428571428565
2008,27,46.65714285714286,56.35571428571428
2008,28,28.17142857142857,30.879999999999995
2008,29,30.614285714285717,33.64142857142857
2008,30,27.071428571428573,29.66714285714286
2008,31,36.4,39.66571428571429
2008,32,32.84285714285714,37.46142857142858
2008,33,34.25714285714286,37.66571428571428
2008,34,30.900000000000002,33.47571428571428
2008,35,24.9,28.17142857142857
2008,36,26.5,28.622857142857136
2008,37,38.58571428571429,43.88142857142857
2008,38,35.1,38.5
2008,39,36.028571428571425,39.59571428571429
2008,40,42.971428571428575,47.83142857142857
2008,41,47.957142857142856,55.69
2008,42,38.471428571428575,43.048571428571435
2008,43,47.528571428571425,55.222857142857144
2008,44,54.42857142857143,64.5957142857143
2008,45,45.39999999999999,51.048571428571435
2008,46,54.24285714285714,66.99999999999999
2008,47,54.042857142857144,64.58142857142857
2008,48,35.72857142857142,43.09428571428571
2008,49,31.585714285714282,34.42857142857143
2008,50,33.17142857142857,36.285714285714285
2008,51,16.67142857142857,18.015714285714285
2008,52,15.0,16.262857142857143
2008,53,27.900000000000002,30.404285714285713
2009,1,19.385714285714283,20.977142857142855
2009,2,34.62857142857143,38.52428571428572
2009,3,29.47142857142857,32.78714285714286
2009,4,24.242857142857144,26.214285714285715
2009,5,33.51428571428571,36.95285714285715
2009,6,13.142857142857142,14.214285714285714
2009,7,21.02857142857143,22.689999999999998
2009,8,37.12857142857143,40.68571428571429
2009,9,37.74285714285714,41.6
2009,10,26.45714285714286,28.657142857142855
2009,11,37.371428571428574,41.51428571428572
2009,12,47.14285714285715,58.82857142857143
2009,13,41.4,49.05714285714286
2009,14,34.25714285714285,39.0
2009,15,27.342857142857145,30.257142857142856
2009,16,31.599999999999998,34.114285714285714
2009,17,35.31428571428571,38.25714285714286
2009,18,39.25714285714286,42.771428571428565
2009,19,36.800000000000004,39.885714285714286
2009,20,32.25714285714286,35.82857142857143
2009,21,24.62857142857143,26.657142857142855
2009,22,30.97142857142857,33.82857142857143
2009,23,25.657142857142855,27.74285714285714
2009,24,31.428571428571434,34.2
2009,25,34.25714285714286,37.114285714285714
2009,26,31.0,33.68571428571428
2009,27,31.62857142857143,34.48571428571428
2009,28,73.91428571428571,100.74285714285715
2009,29,40.885714285714286,48.64714285714286
2009,30,35.82857142857143,39.0
2009,31,41.94285714285714,48.0
2009,32,39.285714285714285,46.57142857142857
2009,33,35.199999999999996,40.2
2009,34,27.857142857142858,30.057142857142857
2009,35,38.800000000000004,46.85714285714285
2009,36,24.885714285714283,26.807142857142857
2009,37,31.12857142857143,33.67142857142857
2009,38,34.699999999999996,38.66285714285715
2009,39,34.75714285714285,37.870000000000005
2009,40,39.01428571428571,42.51857142857143
2009,41,32.542857142857144,35.43
2009,42,34.5,37.94714285714286
2009,43,39.27142857142858,47.709999999999994
2009,44,47.114285714285714,54.0
2009,45,37.94285714285714,42.27428571428572
2009,46,39.800000000000004,45.01285714285715
2009,47,39.1,43.18285714285714
2009,48,28.04285714285714,30.299999999999994
2009,49,29.54285714285714,33.067142857142855
2009,50,23.071428571428573,25.038571428571426
2009,51,28.314285714285717,30.845714285714287
2009,52,23.11428571428571,25.207142857142856
2010,1,33.128571428571426,36.785714285714285
2010,2,31.271428571428572,34.69857142857143
2010,3,12.942857142857141,13.954285714285716
2010,4,14.442857142857145,15.644285714285713
2010,5,18.77142857142857,20.322857142857142
2010,6,14.057142857142855,15.215714285714284
2010,7,23.97142857142857,25.822857142857142
2010,8,15.599999999999998,16.89428571428571
2010,9,15.585714285714285,16.75142857142857
2010,10,13.200000000000001,14.287142857142856
2010,11,20.471428571428568,22.037142857142857
2010,12,23.97142857142857,25.82
2010,13,25.17142857142857,27.322857142857142
2010,14,27.842857142857145,30.215714285714284
2010,15,30.185714285714283,32.91285714285714
2010,16,23.542857142857144,25.412857142857142
2010,17,29.771428571428572,32.855714285714285
2010,18,32.614285714285714,36.357142857142854
2010,19,29.557142857142853,32.034285714285716
2010,20,30.5,32.964285714285715
2010,21,30.571428571428573,33.33857142857143
2010,22,28.04285714285714,30.31857142857143
2010,23,31.857142857142858,34.62
2010,24,27.885714285714283,30.125714285714285
2010,25,30.971428571428568,33.57
2010,26,31.057142857142853,33.82142857142857
2010,27,28.714285714285715,31.071428571428573
2010,28,32.42857142857143,35.537142857142854
2010,29,26.985714285714284,29.321428571428573
2010,30,18.242857142857144,19.715714285714284
2010,31,20.985714285714288,22.60571428571429
2010,32,23.142857142857142,25.018571428571427
2010,33,30.557142857142853,33.30285714285714
2010,34,19.385714285714283,20.97142857142857
2010,35,26.857142857142858,28.947142857142858
2010,36,27.82857142857143,30.071428571428573
2010,37,34.68571428571428,37.785714285714285
2010,38,29.571428571428573,31.93
2010,39,36.971428571428575,41.32142857142857
2010,40,19.671428571428574,21.195714285714285
2010,41,36.39999999999999,42.722857142857144
2010,42,20.514285714285712,22.69142857142857
2010,43,26.900000000000002,29.071428571428573
2010,44,33.5,36.42714285714286
2010,45,29.9,32.49285714285714
2010,46,37.68571428571429,41.857142857142854
2010,47,22.585714285714285,24.358571428571427
2010,48,37.285714285714285,42.19571428571429
2010,49,43.98571428571428,49.55714285714286
2010,50,30.914285714285715,34.667142857142856
2010,51,17.285714285714285,18.68285714285714
2010,52,16.25714285714286,17.618571428571432
2011,1,20.87142857142857,22.604285714285716
2011,2,23.885714285714283,25.795714285714286
2011,3,27.699999999999996,29.872857142857146
2011,4,26.885714285714283,29.064285714285713
2011,5,22.25714285714286,24.014285714285712
2011,6,27.699999999999996,30.118571428571425
2011,7,33.542857142857144,37.87428571428571
2011,8,14.942857142857141,16.094285714285714
2011,9,15.257142857142854,16.412857142857142
2011,10,30.657142857142855,33.90571428571429
2011,11,33.285714285714285,36.160000000000004
2011,12,31.385714285714283,36.18999999999999
2011,13,25.77142857142857,27.98428571428571
2011,14,23.47142857142857,25.388571428571428
2011,15,27.0,29.381428571428568
2011,16,27.52857142857143,29.714285714285715
2011,17,31.928571428571423,34.57142857142857
2011,18,29.642857142857142,32.35
2011,19,30.24285714285714,32.66571428571429
2011,20,30.1,32.55428571428571
2011,21,32.84285714285714,35.55714285714286
2011,22,36.114285714285714,40.51714285714286
2011,23,32.01428571428571,35.76857142857143
2011,24,31.17142857142857,33.675714285714285
2011,25,35.05714285714286,37.94857142857143
2011,26,41.3,46.53285714285715
2011,27,94.58571428571427,139.4142857142857
2011,28,25.557142857142857,27.58571428571429
2011,29,51.41428571428571,64.85714285714286
2011,30,20.74285714285714,22.37285714285714
2011,31,38.75714285714286,48.04285714285714
2011,32,38.8,44.30428571428571
2011,33,41.528571428571425,51.18714285714287
2011,34,61.34285714285715,87.15714285714286
2011,35,57.34285714285715,75.54285714285713
2011,36,37.91428571428571,43.7
2011,37,35.128571428571426,43.65428571428571
2011,38,35.114285714285714,38.5
2011,39,42.95714285714285,49.58428571428572
2011,40,29.542857142857144,35.01428571428572
2011,41,31.842857142857138,34.542857142857144
2011,42,37.857142857142854,41.42857142857143
2011,43,33.042857142857144,36.31285714285715
2011,44,58.95714285714286,78.12
2011,45,16.071428571428573,17.37142857142857
2011,46,18.11428571428571,19.62857142857143
2011,47,21.328571428571426,22.927142857142858
2011,48,30.45714285714286,33.51428571428571
2011,49,22.24285714285714,24.12857142857143
2011,50,14.114285714285712,15.239999999999998
2011,51,14.685714285714283,15.907142857142857
2011,52,26.95714285714286,29.142857142857142
2012,1,30.142857142857142,33.33285714285715
2012,2,29.085714285714285,31.699999999999996
2012,3,29.95714285714286,34.787142857142854
2012,4,33.51428571428571,40.042857142857144
2012,5,28.7,31.357142857142858
2012,6,34.042857142857144,37.48571428571429
2012,7,21.657142857142862,23.291428571428572
2012,8,30.114285714285717,32.57142857142857
2012,9,31.82857142857143,37.10000000000001
2012,10,39.557142857142864,45.55714285714286
2012,11,34.714285714285715,37.92857142857143
2012,12,16.88571428571429,18.224285714285713
2012,13,30.599999999999998,33.128571428571426
2012,14,36.42857142857143,42.18571428571429
2012,15,35.74285714285715,39.957142857142856
2012,16,27.38571428571429,29.580000000000002
2012,17,28.3,30.728571428571428
2012,18,26.48571428571429,28.642857142857142
2012,19,36.74285714285714,40.95428571428572
2012,20,37.51428571428571,40.84285714285714
2012,21,47.714285714285715,55.57571428571429
2012,22,33.67142857142857,36.57142857142857
2012,23,31.071428571428573,33.614285714285714
2012,24,40.5,49.614285714285714
2012,25,50.4,61.31428571428571
2012,26,55.957142857142856,75.36571428571428
2012,27,31.985714285714288,35.952857142857134
2012,28,32.371428571428574,38.61714285714286
2012,29,33.18571428571429,38.49142857142857
2012,30,28.257142857142856,31.287142857142857
2012,31,23.12857142857143,25.064285714285713
2012,32,46.771428571428565,57.22285714285714
2012,33,42.98571428571428,54.60285714285713
2012,34,19.614285714285717,21.224285714285713
2012,35,30.54285714285714,33.49142857142857
2012,36,36.671428571428564,43.26
2012,37,25.65714285714285,28.98428571428571
2012,38,30.214285714285715,32.77142857142857
2012,39,34.18571428571429,37.199999999999996
2012,40,38.25714285714286,42.61
2012,41,30.38571428571428,33.0
2012,42,34.05714285714286,37.207142857142856
2012,43,31.914285714285718,34.73571428571429
2012,44,40.87142857142857,45.75857142857143
2012,45,35.75714285714285,39.53285714285714
2012,46,34.042857142857144,38.307142857142864
2012,47,31.400000000000002,34.42
2012,48,40.42857142857143,44.96857142857142
2012,49,39.471428571428575,43.93000000000001
2012,50,29.599999999999998,32.855714285714285
2012,51,15.328571428571431,16.532857142857143
2012,52,18.52857142857143,20.06857142857143
2013,1,18.128571428571426,19.699999999999996
2013,2,27.200000000000006,30.131428571428575
2013,3,25.3,27.76142857142857
2013,4,25.5,28.23857142857143
2013,5,12.714285714285714,13.741428571428571
2013,6,18.714285714285715,20.195714285714285
2013,7,16.071428571428573,17.395714285714284
2013,8,16.885714285714283,18.32428571428571
2013,9,20.185714285714287,22.198571428571434
2013,10,24.400000000000002,26.608571428571427
2013,11,20.057142857142857,21.698571428571427
2013,12,31.54285714285714,34.06
2013,13,31.385714285714283,34.082857142857144
2013,14,30.314285714285713,32.90428571428571
2013,15,41.58571428571429,55.01428571428572
2013,16,28.171428571428574,30.515714285714278
2013,17,33.22857142857142,36.09571428571429
2013,18,45.78571428571429,54.80428571428571
2013,19,32.25714285714285,35.220000000000006
2013,20,31.228571428571428,33.832857142857144
2013,21,32.457142857142856,35.59571428571429
2013,22,35.22857142857142,38.190000000000005
2013,23,33.699999999999996,36.76857142857143
2013,24,35.471428571428575,38.722857142857144
2013,25,33.97142857142857,37.128571428571426
2013,26,37.942857142857136,41.787142857142854
2013,27,57.61428571428571,75.5942857142857
2013,28,36.55714285714286,40.63857142857143
2013,29,22.942857142857143,24.834285714285716
2013,30,17.65714285714286,19.055714285714284
2013,31,28.142857142857142,30.881428571428575
2013,32,26.928571428571427,29.25714285714286
2013,33,37.37142857142857,42.84571428571429
2013,34,31.099999999999998,34.76428571428572
2013,35,28.814285714285713,35.04857142857143
2013,36,30.34285714285715,33.92714285714286
2013,37,13.428571428571429,14.608571428571429
2013,38,28.2,30.522857142857138
2013,39,35.08571428571428,38.35000000000001
2013,40,31.0,34.02428571428572
2013,41,32.47142857142857,37.035714285714285
2013,42,30.199999999999996,32.69
2013,43,38.285714285714285,42.65571428571429
2013,44,33.45714285714285,36.56714285714286
2013,45,27.17142857142857,29.532857142857136
2013,46,37.05714285714286,42.388571428571424
2013,47,24.157142857142855,26.194285714285712
2013,48,14.042857142857141,15.142857142857142
2013,49,18.285714285714285,19.732857142857142
2013,50,23.099999999999998,25.154285714285713
2013,51,27.842857142857145,31.138571428571424
2013,52,17.742857142857144,19.142857142857142
2014,1,27.828571428571426,30.627142857142854
2014,2,29.142857142857142,31.69142857142857
2014,3,31.300000000000004,34.28285714285714
2014,4,38.199999999999996,42.76714285714286
2014,5,34.300000000000004,37.67
2014,6,24.11428571428571,26.034285714285716
2014,7,31.571428571428573,34.46142857142857
2014,8,37.0,40.38571428571429
2014,9,38.25714285714287,42.59285714285715
2014,10,14.971428571428572,16.22
2014,11,29.67142857142857,34.75571428571429
2014,12,31.22857142857143,33.76714285714286
2014,13,43.942857142857136,51.09571428571429
2014,14,31.32857142857143,34.24857142857143
2014,15,28.942857142857143,31.43
2014,16,31.642857142857142,34.152857142857144
2014,17,40.05714285714286,45.74857142857143
2014,18,35.57142857142857,40.67
2014,19,41.34285714285715,46.88428571428572
2014,20,42.02857142857143,52.451428571428565
2014,21,33.87142857142857,37.0
2014,22,33.55714285714286,37.26428571428572
2014,23,39.357142857142854,44.714285714285715
2014,24,39.52857142857143,43.74285714285714
2014,25,35.77142857142857,39.33714285714286
2014,26,34.2,37.05142857142857
2014,27,42.271428571428565,52.14571428571429
2014,28,33.5,38.464285714285715
2014,29,30.257142857142856,34.53285714285715
2014,30,43.38571428571429,54.534285714285716
2014,31,29.314285714285713,32.260000000000005
2014,32,25.37142857142857,28.458571428571435
2014,33,24.857142857142854,27.23714285714286
2014,34,19.957142857142856,22.11714285714286
2014,35,21.542857142857144,23.189999999999998
2014,36,38.699999999999996,45.152857142857144
2014,37,17.77142857142857,19.252857142857142
2014,38,19.199999999999996,21.017142857142858
2014,39,26.014285714285712,28.217142857142857
2014,40,24.61428571428571,26.62714285714286
2014,41,22.914285714285718,24.830000000000005
2014,42,31.52857142857143,34.35142857142857
2014,43,28.657142857142862,31.785714285714285
2014,44,34.75714285714286,38.66285714285714
2014,45,29.142857142857142,31.544285714285714
2014,46,32.285714285714285,35.26
2014,47,36.957142857142856,41.07714285714285
2014,48,37.314285714285724,40.81428571428571
2014,49,27.171428571428574,30.71285714285714
2014,50,21.271428571428572,23.181428571428572
2014,51,13.985714285714286,15.141428571428573
2014,52,17.442857142857143,18.81857142857143
2014,53,16.84285714285714,18.208571428571428
2015,1,23.871428571428574,25.934285714285718
2015,2,14.599999999999998,15.819999999999999
2015,3,23.22857142857143,25.377142857142854
2015,4,16.842857142857145,18.465714285714284
2015,5,19.814285714285717,21.428571428571423
2015,6,23.62857142857143,25.552857142857142
2015,7,29.599999999999998,32.44428571428571
2015,8,17.728571428571428,19.155714285714286
2015,9,13.071428571428571,14.212857142857144
2015,10,25.228571428571428,27.262857142857147
2015,11,17.971428571428568,19.439999999999998
2015,12,23.057142857142857,24.871428571428574
2015,13,30.51428571428571,33.082857142857144
2015,14,32.08571428571428,34.84571428571429
2015,15,32.45714285714286,35.25428571428572
2015,16,28.328571428571426,30.66571428571429
2015,17,20.057142857142853,21.68
2015,18,19.842857142857145,21.747142857142858
2015,19,21.471428571428568,23.108571428571427
2015,20,25.24285714285714,27.43857142857143
2015,21,27.41428571428571,29.73714285714286
2015,22,27.099999999999994,29.5
2015,23,21.457142857142856,23.207142857142856
2015,24,34.01428571428571,37.64857142857143
2015,25,37.97142857142857,42.895714285714284
2015,26,29.28571428571429,31.909999999999993
2015,27,24.2,26.157142857142862
2015,28,29.32857142857143,31.740000000000002
2015,29,20.214285714285715,21.92142857142857
2015,30,29.314285714285713,33.182857142857145
2015,31,26.314285714285713,28.96857142857143
2015,32,33.614285714285714,37.620000000000005
2015,33,30.657142857142862,33.124285714285726
2015,34,34.0,38.53857142857144
2015,35,27.02857142857143,30.824285714285715
2015,36,26.457142857142856,28.678571428571427
2015,37,22.057142857142857,23.952857142857145
2015,38,20.071428571428573,21.677142857142858
2015,39,33.54285714285715,36.534285714285716
2015,40,18.914285714285715,20.451428571428572
2015,41,29.5,32.20285714285715
2015,42,13.5,14.667142857142858
2015,43,21.314285714285713,23.072857142857142
2015,44,17.114285714285714,18.475714285714282
2015,45,26.928571428571427,29.131428571428575
2015,46,24.057142857142853,25.93857142857143
2015,47,34.1,38.57285714285714
2015,48,34.25714285714285,38.38142857142857
2015,49,39.68571428571429,45.35
2015,50,18.599999999999998,20.14428571428571
2015,51,19.714285714285715,21.212857142857143
2015,52,25.842857142857145,28.800000000000004
2016,1,8.814285714285715,9.464285714285714
2016,2,17.185714285714287,18.608571428571427
2016,3,22.32857142857143,24.205714285714286
2016,4,24.82857142857143,26.927142857142858
2016,5,22.657142857142855,25.09714285714286
2016,6,28.01428571428571,30.822857142857142
2016,7,33.15714285714286,36.24857142857143
2016,8,30.857142857142858,34.04714285714285
2016,9,38.65714285714286,42.72571428571428
2016,10,40.628571428571426,45.26714285714286
2016,11,35.81428571428571,39.11000000000001
2016,12,34.114285714285714,37.714285714285715
2016,13,34.28571428571429,38.64428571428572
2016,14,32.01428571428571,36.67857142857143
2016,15,23.271428571428572,28.22714285714286
2016,16,26.228571428571428,28.321428571428573
2016,17,41.614285714285714,48.99714285714284
2016,18,26.357142857142858,28.66714285714286
2016,19,25.014285714285712,27.060000000000002
2016,20,28.97142857142857,32.548571428571435
2016,21,36.285714285714285,39.800000000000004
2016,22,33.971428571428575,36.95285714285715
2016,23,39.92857142857143,43.699999999999996
2016,24,33.51428571428571,37.34571428571428
2016,25,41.67142857142857,46.597142857142856
2016,26,34.1,38.502857142857145
2016,27,27.27142857142857,29.807142857142857
2016,28,36.01428571428572,39.39142857142857
2016,29,42.04285714285714,50.29857142857143
2016,30,37.885714285714286,43.23428571428571
2016,31,21.67142857142857,23.695714285714285
2016,32,26.214285714285715,29.338571428571434
2016,33,31.685714285714287,34.677142857142854
2016,34,22.914285714285715,25.634285714285717
2016,35,27.628571428571426,30.779999999999998
2016,36,26.32857142857143,28.844285714285718
2016,37,31.099999999999998,33.68857142857143
2016,38,34.08571428571429,39.42285714285714
2016,39,32.05714285714286,38.13428571428572
2016,40,29.314285714285713,31.842857142857145
2016,41,33.25714285714286,36.68571428571429
2016,42,40.385714285714286,45.25714285714285
2016,43,38.142857142857146,42.10571428571428
2016,44,28.971428571428568,31.571428571428577
2016,45,20.41428571428571,21.95714285714286
2016,46,39.9,45.942857142857136
2016,47,18.871428571428567,20.400000000000002
2016,48,19.014285714285712,20.728571428571428
2016,49,30.400000000000002,33.08571428571428
2016,50,34.87142857142857,39.84285714285714
2016,51,17.814285714285713,19.5
2016,52,14.914285714285715,16.185714285714287
2017,1,13.685714285714287,14.85142857142857
2017,2,21.58571428571429,23.34142857142857
2017,3,12.771428571428572,13.870000000000001
2017,4,12.05714285714286,13.088571428571429
2017,5,24.5,26.837142857142858
2017,6,27.65714285714285,30.095714285714287
2017,7,21.985714285714288,23.794285714285714
2017,8,12.985714285714286,13.998571428571427
2017,9,14.857142857142858,16.125714285714285
2017,10,24.414285714285715,26.47714285714286
2017,11,29.900000000000002,32.47571428571429
2017,12,26.728571428571428,29.16714285714286
2017,13,32.542857142857144,39.24142857142857
2017,14,27.657142857142855,30.12857142857143
2017,15,34.614285714285714,37.48285714285714
2017,16,31.314285714285717,34.065714285714286
2017,17,37.84285714285714,43.60857142857143
2017,18,35.48571428571429,39.94857142857143
2017,19,27.871428571428567,32.37571428571429
2017,20,25.842857142857145,27.988571428571422
2017,21,27.085714285714285,29.427142857142858
2017,22,33.3,36.07714285714286
2017,23,32.34285714285714,35.144285714285715
2017,24,33.72857142857142,36.96
2017,25,43.57142857142857,48.454285714285724
2017,26,42.58571428571429,47.80571428571428
2017,27,43.74285714285715,49.58428571428571
2017,28,44.94285714285714,53.0
2017,29,27.057142857142857,31.15571428571429
2017,30,21.67142857142857,24.065714285714282
2017,31,22.614285714285717,24.72857142857143
2017,32,29.257142857142856,32.36285714285714
2017,33,22.35714285714286,24.232857142857142
2017,34,31.099999999999998,36.18142857142857
2017,35,34.285714285714285,38.41428571428571
2017,36,40.94285714285714,49.58428571428571
2017,37,30.585714285714285,33.53428571428571
2017,38,30.642857142857142,33.62428571428571
2017,39,36.84285714285714,41.290000000000006
2017,40,39.2,43.74142857142857
2017,41,42.84285714285715,48.23142857142857
2017,42,57.68571428571429,73.96142857142857
2017,43,47.01428571428571,53.50714285714286
2017,44,40.9,45.20857142857143
2017,45,34.04285714285714,37.402857142857144
2017,46,48.300000000000004,56.47857142857142
2017,47,46.35714285714285,54.637142857142855
2017,48,62.285714285714285,80.20857142857143
2017,49,40.18571428571429,46.48142857142858
2017,50,40.42857142857142,46.37571428571429
2017,51,29.12857142857143,32.37428571428571
2017,52,38.857142857142854,43.817142857142855
2018,1,43.87142857142857,51.37285714285714
2018,2,32.68571428571428,40.037142857142854
2018,3,31.2,34.63142857142857
2018,4,22.914285714285715,24.939999999999998
2018,5,35.42857142857142,39.879999999999995
2018,6,35.528571428571425,39.512857142857136
2018,7,25.699999999999996,28.64285714285714
2018,8,24.885714285714283,27.501428571428573
2018,9,17.514285714285712,18.965714285714284
2018,10,24.814285714285717,27.199999999999996
2018,11,22.914285714285715,25.037142857142864
2018,12,24.800000000000004,26.952857142857145
2018,13,28.97142857142857,31.464285714285715
2018,14,34.1,37.26428571428572
2018,15,45.08571428571429,55.769999999999996
2018,16,43.5,50.505714285714284
2018,17,38.0,41.49571428571428
2018,18,36.57142857142857,40.965714285714284
2018,19,41.214285714285715,47.97857142857142
2018,20,33.628571428571426,36.791428571428575
2018,21,34.82857142857143,38.40857142857143
2018,22,38.371428571428574,42.16857142857143
2018,23,38.67142857142858,42.82142857142857
2018,24,37.271428571428565,41.714285714285715
2018,25,29.071428571428573,31.84714285714286
2018,26,33.92857142857143,36.965714285714284
2018,27,37.885714285714286,43.50571428571429
2018,28,52.92857142857142,77.0457142857143
2018,29,34.271428571428565,40.85857142857144
2018,30,35.357142857142854,39.285714285714285
2018,31,49.157142857142865,64.06285714285714
2018,32,53.81428571428571,73.51857142857143
2018,33,38.785714285714285,47.43857142857143
2018,34,39.128571428571426,46.24571428571429
2018,35,39.15714285714285,45.432857142857145
2018,36,36.98571428571428,42.33571428571428
2018,37,39.699999999999996,44.137142857142855
2018,38,30.814285714285713,33.58428571428571
2018,39,31.928571428571434,35.14142857142856
2018,40,15.657142857142858,17.164285714285715
2018,41,13.071428571428571,14.144285714285715
2018,42,11.642857142857142,12.724285714285713
2018,43,22.87142857142857,24.808571428571423
2018,44,29.0,31.608571428571434
2018,45,34.05714285714286,37.644285714285715
2018,46,28.88571428571429,31.73857142857143
2018,47,36.628571428571426,40.47571428571428
2018,48,32.371428571428574,36.42428571428571
2018,49,18.842857142857145,20.512857142857143
2018,50,22.085714285714285,24.26142857142857
2018,51,32.65714285714286,36.201428571428565
2018,52,19.771428571428572,21.357142857142854
2019,1,14.87142857142857,16.068571428571428
2019,2,16.285714285714285,17.75
2019,3,11.899999999999997,12.938571428571427
2019,4,21.814285714285717,23.75142857142857
2019,5,29.514285714285712,32.70285714285715
2019,6,12.142857142857142,13.132857142857143
2019,7,15.742857142857142,17.18857142857143
2019,8,8.314285714285715,9.0
2019,9,19.02857142857143,20.535714285714285
2019,10,24.285714285714285,26.798571428571428
2019,11,16.757142857142856,18.132857142857144
2019,12,19.428571428571427,21.045714285714286
2019,13,30.371428571428574,33.51142857142857
2019,14,28.1,30.874285714285715
2019,15,33.81428571428571,40.464285714285715
2019,16,23.285714285714285,25.774285714285718
2019,17,23.7,25.73857142857143
2019,18,26.35714285714286,28.689999999999998
2019,19,21.328571428571426,22.951428571428572
2019,20,27.61428571428571,30.691428571428577
2019,21,26.34285714285715,28.977142857142862
2019,22,25.214285714285715,27.214285714285715
2019,23,29.3,31.762857142857147
2019,24,35.128571428571426,38.42857142857143
2019,25,30.728571428571428,33.96714285714286
2019,26,33.92857142857143,37.53428571428571
2019,27,31.414285714285718,34.48142857142857
2019,28,39.885714285714286,45.464285714285715
2019,29,34.41428571428571,37.5
2019,30,32.41428571428572,38.0
2019,31,24.157142857142855,26.095714285714287
2019,32,29.25714285714286,31.891428571428573
2019,33,29.58571428571429,32.57
2019,34,34.41428571428572,37.951428571428565
2019,35,31.414285714285715,35.892857142857146
2019,36,35.81428571428571,39.44285714285714
2019,37,32.92857142857143,37.15571428571428
2019,38,27.357142857142854,30.49857142857143
2019,39,14.442857142857145,15.882857142857144
2019,40,25.771428571428576,28.381428571428575
2019,41,33.44285714285714,36.70142857142857
2019,42,37.471428571428575,41.347142857142856
2019,43,34.885714285714286,38.47571428571428
2019,44,39.271428571428565,43.32142857142857
2019,45,34.785714285714285,38.24000000000001
2019,46,41.771428571428565,47.53285714285715
2019,47,22.285714285714285,24.749999999999996
2019,48,14.028571428571428,15.227142857142857
2019,49,16.185714285714287,17.47714285714286
2019,50,14.728571428571428,15.95142857142857
2019,51,19.45714285714286,21.40285714285714
2019,52,9.87142857142857,10.584285714285715
2020,1,16.82857142857143,18.405714285714286
2020,2,19.37142857142857,21.16714285714286
2020,3,23.25714285714286,25.51142857142857
2020,4,16.642857142857142,18.105714285714285
2020,5,20.74285714285714,22.490000000000002
2020,6,28.85714285714286,31.90285714285714
2020,7,17.2,18.618571428571425
2020,8,23.95714285714286,25.998571428571427
2020,9,17.11428571428571,18.571428571428573
2020,10,21.599999999999998,23.321428571428573
2020,11,12.299999999999999,13.18857142857143
2020,12,10.685714285714285,11.64857142857143
2020,13,16.557142857142857,17.835714285714285
2020,14,22.228571428571428,24.009999999999998
2020,15,20.099999999999998,21.70428571428571
2020,16,19.7,21.229999999999997
2020,17,26.02857142857143,28.28571428571428
2020,18,32.557142857142864,35.46142857142858
2020,19,35.18571428571429,38.31857142857143
2020,20,29.157142857142855,31.604285714285712
2020,21,29.84285714285715,32.505714285714284
2020,22,34.857142857142854,38.08428571428571
2020,23,33.957142857142856,36.88142857142857
2020,24,31.928571428571434,34.778571428571425
2020,25,31.2,33.80142857142857
2020,26,36.87142857142857,40.59142857142857
2020,27,33.614285714285714,36.54857142857143
2020,28,35.728571428571435,39.432857142857145
2020,29,33.957142857142856,36.90571428571429
2020,30,34.05714285714286,37.65
2020,31,28.742857142857144,31.10571428571428
2020,32,35.84285714285714,38.83428571428572
2020,33,41.92857142857143,47.16428571428572
2020,34,58.64285714285715,76.62285714285714
2020,35,45.1,50.90428571428571
2020,36,28.385714285714283,30.730000000000008
2020,37,42.31428571428571,47.0
2020,38,40.17142857142857,44.557142857142864
2020,39,39.142857142857146,43.23857142857143
2020,40,45.92857142857143,52.97714285714285
2020,41,44.228571428571435,50.35142857142857
2020,42,47.285714285714285,54.582857142857144
2020,43,46.4,53.339999999999996
2020,44,43.05714285714286,51.09857142857144
2020,45,46.67142857142857,54.152857142857144
2020,46,30.37142857142857,32.998571428571424
2020,47,42.34285714285714,47.870000000000005
2020,48,35.81428571428571,39.48857142857143
2020,49,38.142857142857146,43.36285714285714
2020,50,30.214285714285715,34.135714285714286
2020,51,23.485714285714288,25.90142857142857
2020,52,27.900000000000002,30.791428571428575
2020,53,28.557142857142853,32.044285714285714
2021,1,36.857142857142854,41.285714285714285
2021,2,35.714285714285715,40.34142857142857
2021,3,29.82857142857143,33.95142857142857
2021,4,10.271428571428572,11.185714285714285
2021,5,20.542857142857144,22.525714285714287
2021,6,30.485714285714288,33.68142857142857
2021,7,22.971428571428568,25.185714285714287
2021,8,28.385714285714283,31.362857142857145
2021,9,35.457142857142856,41.72428571428571
2021,10,24.87142857142857,27.331428571428567
2021,11,21.2,22.945714285714285
2021,12,20.885714285714283,22.604285714285712
2021,13,33.714285714285715,36.887142857142855
2021,14,35.542857142857144,38.55142857142857
2021,15,30.41428571428571,33.129999999999995
2021,16,32.74285714285715,36.534285714285716
2021,17,22.685714285714287,24.6
2021,18,31.77142857142857,34.51714285714286
2021,19,35.15714285714286,38.708571428571425
2021,20,34.58571428571428,37.94428571428572
2021,21,32.17142857142857,35.089999999999996
2021,22,30.67142857142857,33.28142857142857
2021,23,31.67142857142857,34.487142857142864
2021,24,48.114285714285714,56.24
2021,25,32.51428571428572,35.58428571428572
2021,26,33.24285714285714,36.54714285714285
2021,27,40.614285714285714,51.19
2021,28,40.11428571428571,48.82142857142857
2021,29,26.428571428571423,29.752857142857145
2021,30,20.12857142857143,21.857142857142858
2021,31,34.78571428571429,38.54857142857143
2021,32,17.6,19.05142857142857
2021,33,16.84285714285714,18.17142857142857
2021,34,31.271428571428572,35.42857142857143
2021,35,22.0,23.735714285714284
2021,36,31.285714285714285,34.529999999999994
2021,37,37.714285714285715,41.64428571428572
2021,38,29.114285714285717,31.772857142857145
2021,39,16.657142857142855,17.972857142857144
2021,40,20.88571428571429,22.718571428571426
2021,41,49.18571428571429,66.22571428571429
2021,42,39.51428571428572,44.442857142857136
2021,43,32.48571428571428,36.48285714285714
2021,44,37.42857142857143,42.34857142857144
2021,45,37.714285714285715,42.660000000000004
2021,46,47.65714285714285,55.309999999999995
2021,47,37.15714285714286,41.625714285714274
2021,48,42.99999999999999,49.712857142857146
2021,49,33.97142857142857,38.63857142857143
2021,50,17.428571428571427,18.922857142857143
2021,51,23.285714285714285,26.23857142857143
2021,52,9.328571428571426,10.095714285714285
2022,1,18.814285714285713,20.65285714285714
2022,2,21.3,24.054285714285715
2022,3,22.214285714285715,24.482857142857142
2022,4,20.45714285714286,22.395714285714288
2022,5,24.900000000000002,27.517142857142858
2022,6,26.900000000000002,30.032857142857143
2022,7,30.97142857142857,34.81285714285715
2022,8,18.271428571428572,20.054285714285715
2022,9,23.157142857142855,25.881428571428575
2022,10,22.08571428571429,24.428571428571427
2022,11,28.942857142857143,32.220000000000006
2022,12,32.50000000000001,36.23285714285714
2022,13,25.885714285714283,28.62571428571428
2022,14,26.985714285714284,29.627142857142854
2022,15,38.9,44.49571428571429
2022,16,43.857142857142854,50.34142857142857
2022,17,42.08571428571429,47.297142857142866
2022,18,38.17142857142857,42.08
2022,19,38.05714285714286,42.15857142857142
2022,20,38.699999999999996,43.879999999999995
2022,21,32.44285714285714,35.76571428571429
2022,22,43.614285714285714,51.027142857142856
2022,23,38.15714285714286,42.79571428571428
2022,24,40.942857142857136,45.77428571428572
2022,25,34.37142857142857,39.044285714285714
2022,26,27.342857142857145,30.03142857142857
2022,27,29.228571428571428,32.52714285714286
2022,28,39.1,44.777142857142856
2022,29,42.07142857142857,49.67714285714286
2022,30,25.142857142857142,27.908571428571427
2022,31,22.314285714285713,24.08428571428572
2022,32,30.985714285714284,35.471428571428575
2022,33,24.4,27.594285714285714
2022,34,21.885714285714283,23.658571428571427
2022,35,33.142857142857146,39.80285714285714
2022,36,27.95714285714286,30.571428571428573
2022,37,20.77142857142857,22.712857142857143
2022,38,18.900000000000002,20.518571428571427
2022,39,26.08571428571429,28.367142857142856
2022,40,27.585714285714282,34.29142857142857
2022,41,23.871428571428574,26.307142857142853
2022,42,16.428571428571427,17.912857142857142
2022,43,25.428571428571427,27.844285714285714
2022,44,27.857142857142858,31.065714285714286
2022,45,19.7,21.627142857142854
2022,46,24.942857142857143,27.791428571428572
2022,47,24.771428571428572,27.412857142857142
2022,48,31.671428571428567,35.24142857142857
2022,49,14.257142857142856,15.559999999999999
2022,50,11.742857142857144,12.722857142857142
2022,51,25.114285714285717,27.675714285714285
2022,52,16.242857142857144,17.912857142857142
2023,1,14.557142857142855,15.922857142857142
2023,2,22.085714285714285,24.33857142857143
2023,3,12.057142857142859,13.034285714285714
2023,4,15.157142857142857,16.58142857142857
2023,5,19.97142857142857,21.900000000000002
2023,6,22.32857142857143,24.395714285714284
2023,7,18.814285714285713,20.351428571428574
2023,8,25.685714285714283,30.055714285714288
2023,9,13.6,14.921428571428573
2023,10,21.12857142857143,23.065714285714286
2023,11,15.7,16.988571428571426
2023,12,16.442857142857143,17.82571428571428
2023,13,20.414285714285715,22.22714285714286
2023,14,37.44285714285714,45.645714285714284
2023,15,32.17142857142857,35.48142857142857
2023,16,36.771428571428565,40.70428571428572
2023,17,29.12857142857143,32.037142857142854
2023,18,33.785714285714285,38.230000000000004
2023,19,38.128571428571426,42.49428571428571
2023,20,27.728571428571424,30.404285714285717
2023,21,25.685714285714287,27.98142857142857
2023,22,27.94285714285714,30.63285714285714
2023,23,32.68571428571429,36.065714285714286
2023,24,30.37142857142857,32.92
2023,25,36.771428571428565,40.464285714285715
2023,26,38.84285714285714,43.17857142857143
2023,27,39.57142857142857,43.527142857142856
2023,28,34.7,37.707142857142856
2023,29,55.685714285714276,70.36
2023,30,44.52857142857143,53.25428571428572
2023,31,32.214285714285715,34.94571428571429
2023,32,28.557142857142857,30.934285714285714
2023,33,30.714285714285715,33.78
2023,34,29.999999999999996,32.94571428571428
2023,35,32.7,40.14142857142857
2023,36,26.9,29.48428571428571
2023,37,24.757142857142856,27.04
2023,38,33.01428571428571,36.418571428571425
2023,39,38.614285714285714,44.33
2023,40,46.75714285714286,57.78571428571429
2023,41,36.9,41.19857142857143
2023,42,43.885714285714286,50.385714285714286
2023,43,39.07142857142857,43.10000000000001
2023,44,40.01428571428571,45.361428571428576
2023,45,39.55714285714286,44.21857142857142
2023,46,26.17142857142857,28.775714285714287
2023,47,18.1,19.604285714285716
2023,48,20.5,22.70285714285714
2023,49,24.985714285714288,27.82714285714286
2023,50,32.142857142857146,36.41857142857143
2023,51,22.98571428571429,26.054285714285715
2023,52,16.071428571428573,17.615714285714283
2024,1,23.428571428571423,26.79285714285714
2024,2,16.714285714285715,18.472857142857144
2024,3,26.357142857142854,29.28571428571429
2024,4,10.814285714285715,11.691428571428572
2024,5,18.285714285714285,20.38285714285714
2024,6,8.5,9.141428571428571
2024,7,16.75714285714286,18.12
2024,8,20.342857142857145,21.97857142857143
2024,9,22.771428571428572,24.84714285714286
2024,10,18.928571428571427,20.41
2024,11,17.057142857142857,18.548571428571428
2024,12,15.057142857142855,16.291428571428572
2024,13,18.75714285714286,20.275714285714287
2024,14,12.328571428571431,13.361428571428572
2024,15,22.37142857142857,24.25142857142857
2024,16,25.242857142857144,27.34
2024,17,31.62857142857143,34.69285714285714
2024,18,26.82857142857143,28.957142857142856
2024,19,32.51428571428572,35.38428571428572
2024,20,28.414285714285715,30.68285714285715
2024,21,30.185714285714283,32.83
2024,22,29.957142857142856,32.472857142857144
2024,23,32.77142857142857,35.51571428571429
2024,24,35.528571428571425,39.230000000000004
2024,25,42.74285714285714,51.00142857142857
2024,26,26.5,29.22
2024,27,29.614285714285717,31.965714285714284
2024,28,41.94285714285714,47.14
2024,29,44.042857142857144,53.22714285714286
2024,30,35.4,40.16714285714285
2024,31,29.82857142857143,32.48571428571428
2024,32,30.52857142857143,33.177142857142854
2024,33,28.47142857142857,30.691428571428567
2024,34,26.057142857142857,28.372857142857146
2024,35,28.74285714285714,31.569999999999997
2024,36,30.128571428571426,32.964285714285715
2024,37,37.48571428571429,42.048571428571435
2024,38,32.34285714285715,35.40571428571429
2024,39,39.42857142857143,44.47571428571428
2024,40,52.17142857142857,62.17714285714285
2024,41,46.542857142857144,53.33142857142857
2024,42,40.48571428571428,46.357142857142854
2024,43,37.4,42.41142857142858
2024,44,41.48571428571429,47.058571428571426
2024,45,22.985714285714284,25.05142857142857
2024,46,40.51428571428572,46.08571428571429
2024,47,40.91428571428572,46.63142857142857
2024,48,37.214285714285715,41.57
2024,49,44.51428571428571,52.33857142857143
2024,50,39.24285714285714,44.84428571428572
2024,51,51.128571428571426,61.438571428571436
2024,52,44.300000000000004,50.56
2025,1,35.971428571428575,40.25285714285714
2025,2,39.714285714285715,44.714285714285715
2025,3,25.0,27.142857142857142
2025,4,31.25,33.75
2025,7,0.0,0.0
2025,10,29.333333333333332,32.166666666666664
2025,11,7.285714285714286,7.857142857142857
2025,12,15.428571428571429,16.714285714285715
2025,13,26.142857142857142,28.285714285714285
2025,14,27.714285714285715,30.0
2025,15,41.5,54.0
2025,16,29.2,32.8
2025,17,24.0,25.857142857142858
2025,18,29.0,31.5
